test.arepresentative;COMPLEXssap!;c8f825cd-c3ab-4c13-9645-a929b99a1209;4652
tem;COMPLEXssap!;07235ef2-4db8-4d2a-affe-e23830e34295;4654
test.arepresentative;COMPLEXssap!;c8f825cd-c3ab-4c13-9645-a929b99a1209;4652
tem;COMPLEXssap!;07235ef2-4db8-4d2a-affe-e23830e34295;4654
test.arepresentative;COMPLEXssap!;c8f825cd-c3ab-4c13-9645-a929b99a1209;4652
tem;COMPLEXssap!;07235ef2-4db8-4d2a-affe-e23830e34295;4654
test.arepresentative;COMPLEXssap!;c8f825cd-c3ab-4c13-9645-a929b99a1209;4652
tem;COMPLEXssap!;07235ef2-4db8-4d2a-affe-e23830e34295;4654
test.arepresentative;COMPLEXssap!;c8f825cd-c3ab-4c13-9645-a929b99a1209;4652
tem;COMPLEXssap!;07235ef2-4db8-4d2a-affe-e23830e34295;4654
test.arepresentative;COMPLEXssap!;c8f825cd-c3ab-4c13-9645-a929b99a1209;4652
tem;COMPLEXssap!;07235ef2-4db8-4d2a-affe-e23830e34295;4654
test.arepresentative;COMPLEXssap!;c8f825cd-c3ab-4c13-9645-a929b99a1209;4652
tem;COMPLEXssap!;07235ef2-4db8-4d2a-affe-e23830e34295;4654
test.arepresentative;COMPLEXssap!;c8f825cd-c3ab-4c13-9645-a929b99a1209;4652
tem;COMPLEXssap!;07235ef2-4db8-4d2a-affe-e23830e34295;4654
test.arepresentative;COMPLEXssap!;c8f825cd-c3ab-4c13-9645-a929b99a1209;4652
tem;COMPLEXssap!;07235ef2-4db8-4d2a-affe-e23830e34295;4654
test.arepresentative;COMPLEXssap!;c8f825cd-c3ab-4c13-9645-a929b99a1209;4652
tem;COMPLEXssap!;07235ef2-4db8-4d2a-affe-e23830e34295;4654
test.arepresentative;COMPLEXssap!;c8f825cd-c3ab-4c13-9645-a929b99a1209;4652
tem;COMPLEXssap!;07235ef2-4db8-4d2a-affe-e23830e34295;4654
test.arepresentative;COMPLEXssap!;c8f825cd-c3ab-4c13-9645-a929b99a1209;4652
tem;COMPLEXssap!;07235ef2-4db8-4d2a-affe-e23830e34295;4654
test.arepresentative;COMPLEXssap!;c8f825cd-c3ab-4c13-9645-a929b99a1209;4652
tem;COMPLEXssap!;07235ef2-4db8-4d2a-affe-e23830e34295;4654
test.arepresentative;COMPLEXssap!;c8f825cd-c3ab-4c13-9645-a929b99a1209;4652
tem;COMPLEXssap!;07235ef2-4db8-4d2a-affe-e23830e34295;4654
test.arepresentative;COMPLEXssap!;c8f825cd-c3ab-4c13-9645-a929b99a1209;4652
tem;COMPLEXssap!;07235ef2-4db8-4d2a-affe-e23830e34295;4654
test.arepresentative;COMPLEXssap!;c8f825cd-c3ab-4c13-9645-a929b99a1209;4652
tem;COMPLEXssap!;07235ef2-4db8-4d2a-affe-e23830e34295;4654
test.arepresentative;COMPLEXssap!;c8f825cd-c3ab-4c13-9645-a929b99a1209;4652
tem;COMPLEXssap!;07235ef2-4db8-4d2a-affe-e23830e34295;4654
test.arepresentative;COMPLEXssap!;c8f825cd-c3ab-4c13-9645-a929b99a1209;4652
tem;COMPLEXssap!;07235ef2-4db8-4d2a-affe-e23830e34295;4654
test.arepresentative;COMPLEXssap!;c8f825cd-c3ab-4c13-9645-a929b99a1209;4652
tem;COMPLEXssap!;07235ef2-4db8-4d2a-affe-e23830e34295;4654
test.arepresentative;COMPLEXssap!;c8f825cd-c3ab-4c13-9645-a929b99a1209;4652
tem;COMPLEXssap!;07235ef2-4db8-4d2a-affe-e23830e34295;4654
test.arepresentative;COMPLEXssap!;c8f825cd-c3ab-4c13-9645-a929b99a1209;4652
tem;COMPLEXssap!;07235ef2-4db8-4d2a-affe-e23830e34295;4654
test.arepresentative;COMPLEXssap!;c8f825cd-c3ab-4c13-9645-a929b99a1209;4652
tem;COMPLEXssap!;07235ef2-4db8-4d2a-affe-e23830e34295;4654
test.arepresentative;COMPLEXssap!;c8f825cd-c3ab-4c13-9645-a929b99a1209;4652
tem;COMPLEXssap!;07235ef2-4db8-4d2a-affe-e23830e34295;4654
test.arepresentative;COMPLEXssap!;c8f825cd-c3ab-4c13-9645-a929b99a1209;4652
tem;COMPLEXssap!;07235ef2-4db8-4d2a-affe-e23830e34295;4654
test.arepresentative;COMPLEXssap!;c8f825cd-c3ab-4c13-9645-a929b99a1209;4652
tem;COMPLEXssap!;07235ef2-4db8-4d2a-affe-e23830e34295;4654
test.arepresentative;COMPLEXssap!;c8f825cd-c3ab-4c13-9645-a929b99a1209;4652
tem;COMPLEXssap!;07235ef2-4db8-4d2a-affe-e23830e34295;4654
test.arepresentative;COMPLEXssap!;c8f825cd-c3ab-4c13-9645-a929b99a1209;4652
tem;COMPLEXssap!;07235ef2-4db8-4d2a-affe-e23830e34295;4654
test.arepresentative;COMPLEXssap!;c8f825cd-c3ab-4c13-9645-a929b99a1209;4652
tem;COMPLEXssap!;07235ef2-4db8-4d2a-affe-e23830e34295;4654
test.arepresentative;COMPLEXssap!;c8f825cd-c3ab-4c13-9645-a929b99a1209;4652
tem;COMPLEXssap!;07235ef2-4db8-4d2a-affe-e23830e34295;4654
test.arepresentative;COMPLEXssap!;c8f825cd-c3ab-4c13-9645-a929b99a1209;4652
tem;COMPLEXssap!;07235ef2-4db8-4d2a-affe-e23830e34295;4654
test.arepresentative;COMPLEXssap!;c8f825cd-c3ab-4c13-9645-a929b99a1209;4652
tem;COMPLEXssap!;07235ef2-4db8-4d2a-affe-e23830e34295;4654
test.arepresentative;COMPLEXssap!;c8f825cd-c3ab-4c13-9645-a929b99a1209;4652
tem;COMPLEXssap!;07235ef2-4db8-4d2a-affe-e23830e34295;4654
test.arepresentative;COMPLEXssap!;c8f825cd-c3ab-4c13-9645-a929b99a1209;4652
tem;COMPLEXssap!;07235ef2-4db8-4d2a-affe-e23830e34295;4654
test.arepresentative;COMPLEXssap!;c8f825cd-c3ab-4c13-9645-a929b99a1209;4652
tem;COMPLEXssap!;07235ef2-4db8-4d2a-affe-e23830e34295;4654
test.arepresentative;COMPLEXssap!;c8f825cd-c3ab-4c13-9645-a929b99a1209;4652
tem;COMPLEXssap!;07235ef2-4db8-4d2a-affe-e23830e34295;4654
test.arepresentative;COMPLEXssap!;c8f825cd-c3ab-4c13-9645-a929b99a1209;4652
tem;COMPLEXssap!;07235ef2-4db8-4d2a-affe-e23830e34295;4654
test.arepresentative;COMPLEXssap!;c8f825cd-c3ab-4c13-9645-a929b99a1209;4652
tem;COMPLEXssap!;07235ef2-4db8-4d2a-affe-e23830e34295;4654
test.arepresentative;COMPLEXssap!;c8f825cd-c3ab-4c13-9645-a929b99a1209;4652
tem;COMPLEXssap!;07235ef2-4db8-4d2a-affe-e23830e34295;4654
test.arepresentative;COMPLEXssap!;c8f825cd-c3ab-4c13-9645-a929b99a1209;4652
tem;COMPLEXssap!;07235ef2-4db8-4d2a-affe-e23830e34295;4654
test.arepresentative;COMPLEXssap!;c8f825cd-c3ab-4c13-9645-a929b99a1209;4652
tem;COMPLEXssap!;07235ef2-4db8-4d2a-affe-e23830e34295;4654
test.arepresentative;COMPLEXssap!;c8f825cd-c3ab-4c13-9645-a929b99a1209;4652
tem;COMPLEXssap!;07235ef2-4db8-4d2a-affe-e23830e34295;4654
test.arepresentative;COMPLEXssap!;c8f825cd-c3ab-4c13-9645-a929b99a1209;4652
tem;COMPLEXssap!;07235ef2-4db8-4d2a-affe-e23830e34295;4654
test.arepresentative;COMPLEXssap!;c8f825cd-c3ab-4c13-9645-a929b99a1209;4652
tem;COMPLEXssap!;07235ef2-4db8-4d2a-affe-e23830e34295;4654
test.arepresentative;COMPLEXssap!;c8f825cd-c3ab-4c13-9645-a929b99a1209;4652
tem;COMPLEXssap!;07235ef2-4db8-4d2a-affe-e23830e34295;4654
test.arepresentative;COMPLEXssap!;c8f825cd-c3ab-4c13-9645-a929b99a1209;4652
tem;COMPLEXssap!;07235ef2-4db8-4d2a-affe-e23830e34295;4654
test.arepresentative;COMPLEXssap!;c8f825cd-c3ab-4c13-9645-a929b99a1209;4652
tem;COMPLEXssap!;07235ef2-4db8-4d2a-affe-e23830e34295;4654
test.arepresentative;COMPLEXssap!;c8f825cd-c3ab-4c13-9645-a929b99a1209;4652
tem;COMPLEXssap!;07235ef2-4db8-4d2a-affe-e23830e34295;4654
test.arepresentative;COMPLEXssap!;c8f825cd-c3ab-4c13-9645-a929b99a1209;4652
tem;COMPLEXssap!;07235ef2-4db8-4d2a-affe-e23830e34295;4654
test.arepresentative;COMPLEXssap!;c8f825cd-c3ab-4c13-9645-a929b99a1209;4652
tem;COMPLEXssap!;07235ef2-4db8-4d2a-affe-e23830e34295;4654
test.arepresentative;COMPLEXssap!;c8f825cd-c3ab-4c13-9645-a929b99a1209;4652
tem;COMPLEXssap!;07235ef2-4db8-4d2a-affe-e23830e34295;4654
test.arepresentative;COMPLEXssap!;c8f825cd-c3ab-4c13-9645-a929b99a1209;4652
tem;COMPLEXssap!;07235ef2-4db8-4d2a-affe-e23830e34295;4654
test.arepresentative;COMPLEXssap!;c8f825cd-c3ab-4c13-9645-a929b99a1209;4652
tem;COMPLEXssap!;07235ef2-4db8-4d2a-affe-e23830e34295;4654
test.arepresentative;COMPLEXssap!;c8f825cd-c3ab-4c13-9645-a929b99a1209;4652
tem;COMPLEXssap!;07235ef2-4db8-4d2a-affe-e23830e34295;4654
test.arepresentative;COMPLEXssap!;c8f825cd-c3ab-4c13-9645-a929b99a1209;4652
tem;COMPLEXssap!;07235ef2-4db8-4d2a-affe-e23830e34295;4654
test.arepresentative;COMPLEXssap!;c8f825cd-c3ab-4c13-9645-a929b99a1209;4652
tem;COMPLEXssap!;07235ef2-4db8-4d2a-affe-e23830e34295;4654
test.arepresentative;COMPLEXssap!;c8f825cd-c3ab-4c13-9645-a929b99a1209;4652
tem;COMPLEXssap!;07235ef2-4db8-4d2a-affe-e23830e34295;4654
test.arepresentative;COMPLEXssap!;c8f825cd-c3ab-4c13-9645-a929b99a1209;4652
tem;COMPLEXssap!;07235ef2-4db8-4d2a-affe-e23830e34295;4654
test.arepresentative;COMPLEXssap!;c8f825cd-c3ab-4c13-9645-a929b99a1209;4652
tem;COMPLEXssap!;07235ef2-4db8-4d2a-affe-e23830e34295;4654
test.arepresentative;COMPLEXssap!;c8f825cd-c3ab-4c13-9645-a929b99a1209;4652
tem;COMPLEXssap!;07235ef2-4db8-4d2a-affe-e23830e34295;4654
test.arepresentative;COMPLEXssap!;c8f825cd-c3ab-4c13-9645-a929b99a1209;4652
tem;COMPLEXssap!;07235ef2-4db8-4d2a-affe-e23830e34295;4654
test.arepresentative;COMPLEXssap!;c8f825cd-c3ab-4c13-9645-a929b99a1209;4652
tem;COMPLEXssap!;07235ef2-4db8-4d2a-affe-e23830e34295;4654
test.arepresentative;COMPLEXssap!;c8f825cd-c3ab-4c13-9645-a929b99a1209;4652
tem;COMPLEXssap!;07235ef2-4db8-4d2a-affe-e23830e34295;4654
test.arepresentative;COMPLEXssap!;c8f825cd-c3ab-4c13-9645-a929b99a1209;4652
tem;COMPLEXssap!;07235ef2-4db8-4d2a-affe-e23830e34295;4654
test.arepresentative;COMPLEXssap!;c8f825cd-c3ab-4c13-9645-a929b99a1209;4652
tem;COMPLEXssap!;07235ef2-4db8-4d2a-affe-e23830e34295;4654
test.arepresentative;COMPLEXssap!;c8f825cd-c3ab-4c13-9645-a929b99a1209;4652
tem;COMPLEXssap!;07235ef2-4db8-4d2a-affe-e23830e34295;4654
test.arepresentative;COMPLEXssap!;c8f825cd-c3ab-4c13-9645-a929b99a1209;4652
tem;COMPLEXssap!;07235ef2-4db8-4d2a-affe-e23830e34295;4654
test.arepresentative;COMPLEXssap!;c8f825cd-c3ab-4c13-9645-a929b99a1209;4652
tem;COMPLEXssap!;07235ef2-4db8-4d2a-affe-e23830e34295;4654
test.arepresentative;COMPLEXssap!;c8f825cd-c3ab-4c13-9645-a929b99a1209;4652
tem;COMPLEXssap!;07235ef2-4db8-4d2a-affe-e23830e34295;4654
test.arepresentative;COMPLEXssap!;c8f825cd-c3ab-4c13-9645-a929b99a1209;4652
tem;COMPLEXssap!;07235ef2-4db8-4d2a-affe-e23830e34295;4654
test.arepresentative;COMPLEXssap!;c8f825cd-c3ab-4c13-9645-a929b99a1209;4652
tem;COMPLEXssap!;07235ef2-4db8-4d2a-affe-e23830e34295;4654
test.arepresentative;COMPLEXssap!;c8f825cd-c3ab-4c13-9645-a929b99a1209;4652
tem;COMPLEXssap!;07235ef2-4db8-4d2a-affe-e23830e34295;4654
test.arepresentative;COMPLEXssap!;c8f825cd-c3ab-4c13-9645-a929b99a1209;4652
tem;COMPLEXssap!;07235ef2-4db8-4d2a-affe-e23830e34295;4654
test.arepresentative;COMPLEXssap!;c8f825cd-c3ab-4c13-9645-a929b99a1209;4652
tem;COMPLEXssap!;07235ef2-4db8-4d2a-affe-e23830e34295;4654
test.arepresentative;COMPLEXssap!;c8f825cd-c3ab-4c13-9645-a929b99a1209;4652
tem;COMPLEXssap!;07235ef2-4db8-4d2a-affe-e23830e34295;4654
test.arepresentative;COMPLEXssap!;c8f825cd-c3ab-4c13-9645-a929b99a1209;4652
tem;COMPLEXssap!;07235ef2-4db8-4d2a-affe-e23830e34295;4654
test.arepresentative;COMPLEXssap!;c8f825cd-c3ab-4c13-9645-a929b99a1209;4652
tem;COMPLEXssap!;07235ef2-4db8-4d2a-affe-e23830e34295;4654
test.arepresentative;COMPLEXssap!;c8f825cd-c3ab-4c13-9645-a929b99a1209;4652
tem;COMPLEXssap!;07235ef2-4db8-4d2a-affe-e23830e34295;4654
test.arepresentative;COMPLEXssap!;c8f825cd-c3ab-4c13-9645-a929b99a1209;4652
tem;COMPLEXssap!;07235ef2-4db8-4d2a-affe-e23830e34295;4654
test.arepresentative;COMPLEXssap!;c8f825cd-c3ab-4c13-9645-a929b99a1209;4652
tem;COMPLEXssap!;07235ef2-4db8-4d2a-affe-e23830e34295;4654
test.arepresentative;COMPLEXssap!;c8f825cd-c3ab-4c13-9645-a929b99a1209;4652
tem;COMPLEXssap!;07235ef2-4db8-4d2a-affe-e23830e34295;4654
test.arepresentative;COMPLEXssap!;c8f825cd-c3ab-4c13-9645-a929b99a1209;4652
tem;COMPLEXssap!;07235ef2-4db8-4d2a-affe-e23830e34295;4654
test.arepresentative;COMPLEXssap!;c8f825cd-c3ab-4c13-9645-a929b99a1209;4652
tem;COMPLEXssap!;07235ef2-4db8-4d2a-affe-e23830e34295;4654
test.arepresentative;COMPLEXssap!;c8f825cd-c3ab-4c13-9645-a929b99a1209;4652
tem;COMPLEXssap!;07235ef2-4db8-4d2a-affe-e23830e34295;4654
test.arepresentative;COMPLEXssap!;c8f825cd-c3ab-4c13-9645-a929b99a1209;4652
tem;COMPLEXssap!;07235ef2-4db8-4d2a-affe-e23830e34295;4654
test.arepresentative;COMPLEXssap!;c8f825cd-c3ab-4c13-9645-a929b99a1209;4652
tem;COMPLEXssap!;07235ef2-4db8-4d2a-affe-e23830e34295;4654
test.arepresentative;COMPLEXssap!;c8f825cd-c3ab-4c13-9645-a929b99a1209;4652
tem;COMPLEXssap!;07235ef2-4db8-4d2a-affe-e23830e34295;4654
test.arepresentative;COMPLEXssap!;c8f825cd-c3ab-4c13-9645-a929b99a1209;4652
tem;COMPLEXssap!;07235ef2-4db8-4d2a-affe-e23830e34295;4654
test.arepresentative;COMPLEXssap!;c8f825cd-c3ab-4c13-9645-a929b99a1209;4652
tem;COMPLEXssap!;07235ef2-4db8-4d2a-affe-e23830e34295;4654
test.arepresentative;COMPLEXssap!;c8f825cd-c3ab-4c13-9645-a929b99a1209;4652
tem;COMPLEXssap!;07235ef2-4db8-4d2a-affe-e23830e34295;4654
test.arepresentative;COMPLEXssap!;c8f825cd-c3ab-4c13-9645-a929b99a1209;4652
tem;COMPLEXssap!;07235ef2-4db8-4d2a-affe-e23830e34295;4654
test.arepresentative;COMPLEXssap!;c8f825cd-c3ab-4c13-9645-a929b99a1209;4652
tem;COMPLEXssap!;07235ef2-4db8-4d2a-affe-e23830e34295;4654
test.arepresentative;COMPLEXssap!;c8f825cd-c3ab-4c13-9645-a929b99a1209;4652
tem;COMPLEXssap!;07235ef2-4db8-4d2a-affe-e23830e34295;4654
test.arepresentative;COMPLEXssap!;c8f825cd-c3ab-4c13-9645-a929b99a1209;4652
tem;COMPLEXssap!;07235ef2-4db8-4d2a-affe-e23830e34295;4654
test.arepresentative;COMPLEXssap!;c8f825cd-c3ab-4c13-9645-a929b99a1209;4652
tem;COMPLEXssap!;07235ef2-4db8-4d2a-affe-e23830e34295;4654
test.arepresentative;COMPLEXssap!;c8f825cd-c3ab-4c13-9645-a929b99a1209;4652
tem;COMPLEXssap!;07235ef2-4db8-4d2a-affe-e23830e34295;4654
test.arepresentative;COMPLEXssap!;c8f825cd-c3ab-4c13-9645-a929b99a1209;4652
tem;COMPLEXssap!;07235ef2-4db8-4d2a-affe-e23830e34295;4654
test.arepresentative;COMPLEXssap!;c8f825cd-c3ab-4c13-9645-a929b99a1209;4652
tem;COMPLEXssap!;07235ef2-4db8-4d2a-affe-e23830e34295;4654
test.arepresentative;COMPLEXssap!;c8f825cd-c3ab-4c13-9645-a929b99a1209;4652
tem;COMPLEXssap!;07235ef2-4db8-4d2a-affe-e23830e34295;4654
test.arepresentative;COMPLEXssap!;c8f825cd-c3ab-4c13-9645-a929b99a1209;4652
tem;COMPLEXssap!;07235ef2-4db8-4d2a-affe-e23830e34295;4654
test.arepresentative;COMPLEXssap!;c8f825cd-c3ab-4c13-9645-a929b99a1209;4652
tem;COMPLEXssap!;07235ef2-4db8-4d2a-affe-e23830e34295;4654
test.arepresentative;COMPLEXssap!;c8f825cd-c3ab-4c13-9645-a929b99a1209;4652
tem;COMPLEXssap!;07235ef2-4db8-4d2a-affe-e23830e34295;4654
test.arepresentative;COMPLEXssap!;c8f825cd-c3ab-4c13-9645-a929b99a1209;4652
tem;COMPLEXssap!;07235ef2-4db8-4d2a-affe-e23830e34295;4654
test.arepresentative;COMPLEXssap!;c8f825cd-c3ab-4c13-9645-a929b99a1209;4652
tem;COMPLEXssap!;07235ef2-4db8-4d2a-affe-e23830e34295;4654
test.arepresentative;COMPLEXssap!;c8f825cd-c3ab-4c13-9645-a929b99a1209;4652
tem;COMPLEXssap!;07235ef2-4db8-4d2a-affe-e23830e34295;4654
test.arepresentative;COMPLEXssap!;c8f825cd-c3ab-4c13-9645-a929b99a1209;4652
tem;COMPLEXssap!;07235ef2-4db8-4d2a-affe-e23830e34295;4654
test.arepresentative;COMPLEXssap!;c8f825cd-c3ab-4c13-9645-a929b99a1209;4652
tem;COMPLEXssap!;07235ef2-4db8-4d2a-affe-e23830e34295;4654
test.arepresentative;COMPLEXssap!;c8f825cd-c3ab-4c13-9645-a929b99a1209;4652
tem;COMPLEXssap!;07235ef2-4db8-4d2a-affe-e23830e34295;4654
test.arepresentative;COMPLEXssap!;c8f825cd-c3ab-4c13-9645-a929b99a1209;4652
tem;COMPLEXssap!;07235ef2-4db8-4d2a-affe-e23830e34295;4654
test.arepresentative;COMPLEXssap!;c8f825cd-c3ab-4c13-9645-a929b99a1209;4652
tem;COMPLEXssap!;07235ef2-4db8-4d2a-affe-e23830e34295;4654
test.arepresentative;COMPLEXssap!;c8f825cd-c3ab-4c13-9645-a929b99a1209;4652
tem;COMPLEXssap!;07235ef2-4db8-4d2a-affe-e23830e34295;4654
test.arepresentative;COMPLEXssap!;c8f825cd-c3ab-4c13-9645-a929b99a1209;4652
tem;COMPLEXssap!;07235ef2-4db8-4d2a-affe-e23830e34295;4654
test.arepresentative;COMPLEXssap!;c8f825cd-c3ab-4c13-9645-a929b99a1209;4652
tem;COMPLEXssap!;07235ef2-4db8-4d2a-affe-e23830e34295;4654
test.arepresentative;COMPLEXssap!;c8f825cd-c3ab-4c13-9645-a929b99a1209;4652
tem;COMPLEXssap!;07235ef2-4db8-4d2a-affe-e23830e34295;4654
test.arepresentative;COMPLEXssap!;c8f825cd-c3ab-4c13-9645-a929b99a1209;4652
tem;COMPLEXssap!;07235ef2-4db8-4d2a-affe-e23830e34295;4654
test.arepresentative;COMPLEXssap!;c8f825cd-c3ab-4c13-9645-a929b99a1209;4652
tem;COMPLEXssap!;07235ef2-4db8-4d2a-affe-e23830e34295;4654
test.arepresentative;COMPLEXssap!;c8f825cd-c3ab-4c13-9645-a929b99a1209;4652
tem;COMPLEXssap!;07235ef2-4db8-4d2a-affe-e23830e34295;4654
test.arepresentative;COMPLEXssap!;c8f825cd-c3ab-4c13-9645-a929b99a1209;4652
tem;COMPLEXssap!;07235ef2-4db8-4d2a-affe-e23830e34295;4654
test.arepresentative;COMPLEXssap!;c8f825cd-c3ab-4c13-9645-a929b99a1209;4652
tem;COMPLEXssap!;07235ef2-4db8-4d2a-affe-e23830e34295;4654
test.arepresentative;COMPLEXssap!;c8f825cd-c3ab-4c13-9645-a929b99a1209;4652
tem;COMPLEXssap!;07235ef2-4db8-4d2a-affe-e23830e34295;4654
test.arepresentative;COMPLEXssap!;c8f825cd-c3ab-4c13-9645-a929b99a1209;4652
tem;COMPLEXssap!;07235ef2-4db8-4d2a-affe-e23830e34295;4654
test.arepresentative;COMPLEXssap!;c8f825cd-c3ab-4c13-9645-a929b99a1209;4652
tem;COMPLEXssap!;07235ef2-4db8-4d2a-affe-e23830e34295;4654
test.arepresentative;COMPLEXssap!;c8f825cd-c3ab-4c13-9645-a929b99a1209;4652
tem;COMPLEXssap!;07235ef2-4db8-4d2a-affe-e23830e34295;4654
test.arepresentative;COMPLEXssap!;c8f825cd-c3ab-4c13-9645-a929b99a1209;4652
tem;COMPLEXssap!;07235ef2-4db8-4d2a-affe-e23830e34295;4654
test.arepresentative;COMPLEXssap!;c8f825cd-c3ab-4c13-9645-a929b99a1209;4652
tem;COMPLEXssap!;07235ef2-4db8-4d2a-affe-e23830e34295;4654
test.arepresentative;COMPLEXssap!;c8f825cd-c3ab-4c13-9645-a929b99a1209;4652
tem;COMPLEXssap!;07235ef2-4db8-4d2a-affe-e23830e34295;4654
test.arepresentative;COMPLEXssap!;c8f825cd-c3ab-4c13-9645-a929b99a1209;4652
tem;COMPLEXssap!;07235ef2-4db8-4d2a-affe-e23830e34295;4654
test.arepresentative;COMPLEXssap!;c8f825cd-c3ab-4c13-9645-a929b99a1209;4652
tem;COMPLEXssap!;07235ef2-4db8-4d2a-affe-e23830e34295;4654
test.arepresentative;COMPLEXssap!;c8f825cd-c3ab-4c13-9645-a929b99a1209;4652
tem;COMPLEXssap!;07235ef2-4db8-4d2a-affe-e23830e34295;4654
test.arepresentative;COMPLEXssap!;c8f825cd-c3ab-4c13-9645-a929b99a1209;4652
tem;COMPLEXssap!;07235ef2-4db8-4d2a-affe-e23830e34295;4654
test.arepresentative;COMPLEXssap!;c8f825cd-c3ab-4c13-9645-a929b99a1209;4652
tem;COMPLEXssap!;07235ef2-4db8-4d2a-affe-e23830e34295;4654
test.arepresentative;COMPLEXssap!;c8f825cd-c3ab-4c13-9645-a929b99a1209;4652
tem;COMPLEXssap!;07235ef2-4db8-4d2a-affe-e23830e34295;4654
test.arepresentative;COMPLEXssap!;c8f825cd-c3ab-4c13-9645-a929b99a1209;4652
tem;COMPLEXssap!;07235ef2-4db8-4d2a-affe-e23830e34295;4654
test.arepresentative;COMPLEXssap!;c8f825cd-c3ab-4c13-9645-a929b99a1209;4652
tem;COMPLEXssap!;07235ef2-4db8-4d2a-affe-e23830e34295;4654
test.arepresentative;COMPLEXssap!;c8f825cd-c3ab-4c13-9645-a929b99a1209;4652
tem;COMPLEXssap!;07235ef2-4db8-4d2a-affe-e23830e34295;4654
test.arepresentative;COMPLEXssap!;c8f825cd-c3ab-4c13-9645-a929b99a1209;4652
tem;COMPLEXssap!;07235ef2-4db8-4d2a-affe-e23830e34295;4654
test.arepresentative;COMPLEXssap!;c8f825cd-c3ab-4c13-9645-a929b99a1209;4652
tem;COMPLEXssap!;07235ef2-4db8-4d2a-affe-e23830e34295;4654
test.arepresentative;COMPLEXssap!;c8f825cd-c3ab-4c13-9645-a929b99a1209;4652
tem;COMPLEXssap!;07235ef2-4db8-4d2a-affe-e23830e34295;4654
test.arepresentative;COMPLEXssap!;c8f825cd-c3ab-4c13-9645-a929b99a1209;4652
tem;COMPLEXssap!;07235ef2-4db8-4d2a-affe-e23830e34295;4654
test.arepresentative;COMPLEXssap!;c8f825cd-c3ab-4c13-9645-a929b99a1209;4652
tem;COMPLEXssap!;07235ef2-4db8-4d2a-affe-e23830e34295;4654
test.arepresentative;COMPLEXssap!;c8f825cd-c3ab-4c13-9645-a929b99a1209;4652
tem;COMPLEXssap!;07235ef2-4db8-4d2a-affe-e23830e34295;4654
test.arepresentative;COMPLEXssap!;c8f825cd-c3ab-4c13-9645-a929b99a1209;4652
tem;COMPLEXssap!;07235ef2-4db8-4d2a-affe-e23830e34295;4654
test.arepresentative;COMPLEXssap!;c8f825cd-c3ab-4c13-9645-a929b99a1209;4652
tem;COMPLEXssap!;07235ef2-4db8-4d2a-affe-e23830e34295;4654
test.arepresentative;COMPLEXssap!;c8f825cd-c3ab-4c13-9645-a929b99a1209;4652
tem;COMPLEXssap!;07235ef2-4db8-4d2a-affe-e23830e34295;4654
test.arepresentative;COMPLEXssap!;c8f825cd-c3ab-4c13-9645-a929b99a1209;4652
tem;COMPLEXssap!;07235ef2-4db8-4d2a-affe-e23830e34295;4654
test.arepresentative;COMPLEXssap!;c8f825cd-c3ab-4c13-9645-a929b99a1209;4652
tem;COMPLEXssap!;07235ef2-4db8-4d2a-affe-e23830e34295;4654
test.arepresentative;COMPLEXssap!;c8f825cd-c3ab-4c13-9645-a929b99a1209;4652
tem;COMPLEXssap!;07235ef2-4db8-4d2a-affe-e23830e34295;4654
test.arepresentative;COMPLEXssap!;c8f825cd-c3ab-4c13-9645-a929b99a1209;4652
tem;COMPLEXssap!;07235ef2-4db8-4d2a-affe-e23830e34295;4654
test.arepresentative;COMPLEXssap!;c8f825cd-c3ab-4c13-9645-a929b99a1209;4652
tem;COMPLEXssap!;07235ef2-4db8-4d2a-affe-e23830e34295;4654
test.arepresentative;COMPLEXssap!;c8f825cd-c3ab-4c13-9645-a929b99a1209;4652
tem;COMPLEXssap!;07235ef2-4db8-4d2a-affe-e23830e34295;4654
test.arepresentative;COMPLEXssap!;c8f825cd-c3ab-4c13-9645-a929b99a1209;4652
tem;COMPLEXssap!;07235ef2-4db8-4d2a-affe-e23830e34295;4654
test.arepresentative;COMPLEXssap!;c8f825cd-c3ab-4c13-9645-a929b99a1209;4652
tem;COMPLEXssap!;07235ef2-4db8-4d2a-affe-e23830e34295;4654
test.arepresentative;COMPLEXssap!;c8f825cd-c3ab-4c13-9645-a929b99a1209;4652
tem;COMPLEXssap!;07235ef2-4db8-4d2a-affe-e23830e34295;4654
test.arepresentative;COMPLEXssap!;c8f825cd-c3ab-4c13-9645-a929b99a1209;4652
tem;COMPLEXssap!;07235ef2-4db8-4d2a-affe-e23830e34295;4654
test.arepresentative;COMPLEXssap!;c8f825cd-c3ab-4c13-9645-a929b99a1209;4652
tem;COMPLEXssap!;07235ef2-4db8-4d2a-affe-e23830e34295;4654
test.arepresentative;COMPLEXssap!;c8f825cd-c3ab-4c13-9645-a929b99a1209;4652
tem;COMPLEXssap!;07235ef2-4db8-4d2a-affe-e23830e34295;4654
test.arepresentative;COMPLEXssap!;c8f825cd-c3ab-4c13-9645-a929b99a1209;4652
tem;COMPLEXssap!;07235ef2-4db8-4d2a-affe-e23830e34295;4654
test.arepresentative;COMPLEXssap!;c8f825cd-c3ab-4c13-9645-a929b99a1209;4652
tem;COMPLEXssap!;07235ef2-4db8-4d2a-affe-e23830e34295;4654
test.arepresentative;COMPLEXssap!;c8f825cd-c3ab-4c13-9645-a929b99a1209;4652
tem;COMPLEXssap!;07235ef2-4db8-4d2a-affe-e23830e34295;4654
test.arepresentative;COMPLEXssap!;c8f825cd-c3ab-4c13-9645-a929b99a1209;4652
tem;COMPLEXssap!;07235ef2-4db8-4d2a-affe-e23830e34295;4654
test.arepresentative;COMPLEXssap!;c8f825cd-c3ab-4c13-9645-a929b99a1209;4652
tem;COMPLEXssap!;07235ef2-4db8-4d2a-affe-e23830e34295;4654
test.arepresentative;COMPLEXssap!;c8f825cd-c3ab-4c13-9645-a929b99a1209;4652
tem;COMPLEXssap!;07235ef2-4db8-4d2a-affe-e23830e34295;4654
test.arepresentative;COMPLEXssap!;c8f825cd-c3ab-4c13-9645-a929b99a1209;4652
tem;COMPLEXssap!;07235ef2-4db8-4d2a-affe-e23830e34295;4654
test.arepresentative;COMPLEXssap!;c8f825cd-c3ab-4c13-9645-a929b99a1209;4652
tem;COMPLEXssap!;07235ef2-4db8-4d2a-affe-e23830e34295;4654
test.arepresentative;COMPLEXssap!;c8f825cd-c3ab-4c13-9645-a929b99a1209;4652
tem;COMPLEXssap!;07235ef2-4db8-4d2a-affe-e23830e34295;4654
test.arepresentative;COMPLEXssap!;c8f825cd-c3ab-4c13-9645-a929b99a1209;4652
tem;COMPLEXssap!;07235ef2-4db8-4d2a-affe-e23830e34295;4654
test.arepresentative;COMPLEXssap!;c8f825cd-c3ab-4c13-9645-a929b99a1209;4652
tem;COMPLEXssap!;07235ef2-4db8-4d2a-affe-e23830e34295;4654
test.arepresentative;COMPLEXssap!;c8f825cd-c3ab-4c13-9645-a929b99a1209;4652
tem;COMPLEXssap!;07235ef2-4db8-4d2a-affe-e23830e34295;4654
test.arepresentative;COMPLEXssap!;c8f825cd-c3ab-4c13-9645-a929b99a1209;4652
tem;COMPLEXssap!;07235ef2-4db8-4d2a-affe-e23830e34295;4654
test.arepresentative;COMPLEXssap!;c8f825cd-c3ab-4c13-9645-a929b99a1209;4652
tem;COMPLEXssap!;07235ef2-4db8-4d2a-affe-e23830e34295;4654
test.arepresentative;COMPLEXssap!;c8f825cd-c3ab-4c13-9645-a929b99a1209;4652
tem;COMPLEXssap!;07235ef2-4db8-4d2a-affe-e23830e34295;4654
test.arepresentative;COMPLEXssap!;c8f825cd-c3ab-4c13-9645-a929b99a1209;4652
tem;COMPLEXssap!;07235ef2-4db8-4d2a-affe-e23830e34295;4654
test.arepresentative;COMPLEXssap!;c8f825cd-c3ab-4c13-9645-a929b99a1209;4652
tem;COMPLEXssap!;07235ef2-4db8-4d2a-affe-e23830e34295;4654
test.arepresentative;COMPLEXssap!;c8f825cd-c3ab-4c13-9645-a929b99a1209;4652
tem;COMPLEXssap!;07235ef2-4db8-4d2a-affe-e23830e34295;4654
test.arepresentative;COMPLEXssap!;c8f825cd-c3ab-4c13-9645-a929b99a1209;4652
tem;COMPLEXssap!;07235ef2-4db8-4d2a-affe-e23830e34295;4654
test.arepresentative;COMPLEXssap!;c8f825cd-c3ab-4c13-9645-a929b99a1209;4652
tem;COMPLEXssap!;07235ef2-4db8-4d2a-affe-e23830e34295;4654
test.arepresentative;COMPLEXssap!;c8f825cd-c3ab-4c13-9645-a929b99a1209;4652
tem;COMPLEXssap!;07235ef2-4db8-4d2a-affe-e23830e34295;4654
test.arepresentative;COMPLEXssap!;c8f825cd-c3ab-4c13-9645-a929b99a1209;4652
tem;COMPLEXssap!;07235ef2-4db8-4d2a-affe-e23830e34295;4654
test.arepresentative;COMPLEXssap!;c8f825cd-c3ab-4c13-9645-a929b99a1209;4652
tem;COMPLEXssap!;07235ef2-4db8-4d2a-affe-e23830e34295;4654
test.arepresentative;COMPLEXssap!;c8f825cd-c3ab-4c13-9645-a929b99a1209;4652
tem;COMPLEXssap!;07235ef2-4db8-4d2a-affe-e23830e34295;4654
test.arepresentative;COMPLEXssap!;c8f825cd-c3ab-4c13-9645-a929b99a1209;4652
tem;COMPLEXssap!;07235ef2-4db8-4d2a-affe-e23830e34295;4654
test.arepresentative;COMPLEXssap!;c8f825cd-c3ab-4c13-9645-a929b99a1209;4652
tem;COMPLEXssap!;07235ef2-4db8-4d2a-affe-e23830e34295;4654
test.arepresentative;COMPLEXssap!;c8f825cd-c3ab-4c13-9645-a929b99a1209;4652
tem;COMPLEXssap!;07235ef2-4db8-4d2a-affe-e23830e34295;4654
test.arepresentative;COMPLEXssap!;c8f825cd-c3ab-4c13-9645-a929b99a1209;4652
tem;COMPLEXssap!;07235ef2-4db8-4d2a-affe-e23830e34295;4654
test.arepresentative;COMPLEXssap!;c8f825cd-c3ab-4c13-9645-a929b99a1209;4652
tem;COMPLEXssap!;07235ef2-4db8-4d2a-affe-e23830e34295;4654
test.arepresentative;COMPLEXssap!;c8f825cd-c3ab-4c13-9645-a929b99a1209;4652
tem;COMPLEXssap!;07235ef2-4db8-4d2a-affe-e23830e34295;4654
test.arepresentative;COMPLEXssap!;c8f825cd-c3ab-4c13-9645-a929b99a1209;4652
tem;COMPLEXssap!;07235ef2-4db8-4d2a-affe-e23830e34295;4654
test.arepresentative;COMPLEXssap!;c8f825cd-c3ab-4c13-9645-a929b99a1209;4652
tem;COMPLEXssap!;07235ef2-4db8-4d2a-affe-e23830e34295;4654
test.arepresentative;COMPLEXssap!;c8f825cd-c3ab-4c13-9645-a929b99a1209;4652
tem;COMPLEXssap!;07235ef2-4db8-4d2a-affe-e23830e34295;4654
test.arepresentative;COMPLEXssap!;c8f825cd-c3ab-4c13-9645-a929b99a1209;4652
tem;COMPLEXssap!;07235ef2-4db8-4d2a-affe-e23830e34295;4654
test.arepresentative;COMPLEXssap!;c8f825cd-c3ab-4c13-9645-a929b99a1209;4652
tem;COMPLEXssap!;07235ef2-4db8-4d2a-affe-e23830e34295;4654
test.arepresentative;COMPLEXssap!;c8f825cd-c3ab-4c13-9645-a929b99a1209;4652
tem;COMPLEXssap!;07235ef2-4db8-4d2a-affe-e23830e34295;4654
test.arepresentative;COMPLEXssap!;c8f825cd-c3ab-4c13-9645-a929b99a1209;4652
tem;COMPLEXssap!;07235ef2-4db8-4d2a-affe-e23830e34295;4654
test.arepresentative;COMPLEXssap!;c8f825cd-c3ab-4c13-9645-a929b99a1209;4652
tem;COMPLEXssap!;07235ef2-4db8-4d2a-affe-e23830e34295;4654
test.arepresentative;COMPLEXssap!;c8f825cd-c3ab-4c13-9645-a929b99a1209;4652
tem;COMPLEXssap!;07235ef2-4db8-4d2a-affe-e23830e34295;4654
test.arepresentative;COMPLEXssap!;c8f825cd-c3ab-4c13-9645-a929b99a1209;4652
tem;COMPLEXssap!;07235ef2-4db8-4d2a-affe-e23830e34295;4654
test.arepresentative;COMPLEXssap!;c8f825cd-c3ab-4c13-9645-a929b99a1209;4652
