test.arepresentative;COMPLEXssap!;c8f825cd-c3ab-4c13-9645-a929b99a1209;41053
tem;COMPLEXssap!;07235ef2-4db8-4d2a-affe-e23830e34295;41054
test.arepresentative;COMPLEXssap!;c8f825cd-c3ab-4c13-9645-a929b99a1209;41055
tem;COMPLEXssap!;07235ef2-4db8-4d2a-affe-e23830e34295;41056
test.arepresentative;COMPLEXssap!;c8f825cd-c3ab-4c13-9645-a929b99a1209;41057
tem;COMPLEXssap!;07235ef2-4db8-4d2a-affe-e23830e34295;41058
test.arepresentative;COMPLEXssap!;c8f825cd-c3ab-4c13-9645-a929b99a1209;41059
tem;COMPLEXssap!;07235ef2-4db8-4d2a-affe-e23830e34295;41060
test.arepresentative;COMPLEXssap!;c8f825cd-c3ab-4c13-9645-a929b99a1209;41061
tem;COMPLEXssap!;07235ef2-4db8-4d2a-affe-e23830e34295;41062
test.arepresentative;COMPLEXssap!;c8f825cd-c3ab-4c13-9645-a929b99a1209;41063
tem;COMPLEXssap!;07235ef2-4db8-4d2a-affe-e23830e34295;41064
test.arepresentative;COMPLEXssap!;c8f825cd-c3ab-4c13-9645-a929b99a1209;41065
tem;COMPLEXssap!;07235ef2-4db8-4d2a-affe-e23830e34295;41066
test.arepresentative;COMPLEXssap!;c8f825cd-c3ab-4c13-9645-a929b99a1209;41067
tem;COMPLEXssap!;07235ef2-4db8-4d2a-affe-e23830e34295;41068
test.arepresentative;COMPLEXssap!;c8f825cd-c3ab-4c13-9645-a929b99a1209;41069
tem;COMPLEXssap!;07235ef2-4db8-4d2a-affe-e23830e34295;41070
test.arepresentative;COMPLEXssap!;c8f825cd-c3ab-4c13-9645-a929b99a1209;41071
tem;COMPLEXssap!;07235ef2-4db8-4d2a-affe-e23830e34295;41072
test.arepresentative;COMPLEXssap!;c8f825cd-c3ab-4c13-9645-a929b99a1209;41073
tem;COMPLEXssap!;07235ef2-4db8-4d2a-affe-e23830e34295;41074
test.arepresentative;COMPLEXssap!;c8f825cd-c3ab-4c13-9645-a929b99a1209;41075
tem;COMPLEXssap!;07235ef2-4db8-4d2a-affe-e23830e34295;41076
test.arepresentative;COMPLEXssap!;c8f825cd-c3ab-4c13-9645-a929b99a1209;41077
tem;COMPLEXssap!;07235ef2-4db8-4d2a-affe-e23830e34295;41078
test.arepresentative;COMPLEXssap!;c8f825cd-c3ab-4c13-9645-a929b99a1209;41079
tem;COMPLEXssap!;07235ef2-4db8-4d2a-affe-e23830e34295;41080
test.arepresentative;COMPLEXssap!;c8f825cd-c3ab-4c13-9645-a929b99a1209;41081
tem;COMPLEXssap!;07235ef2-4db8-4d2a-affe-e23830e34295;41082
test.arepresentative;COMPLEXssap!;c8f825cd-c3ab-4c13-9645-a929b99a1209;41083
tem;COMPLEXssap!;07235ef2-4db8-4d2a-affe-e23830e34295;41084
test.arepresentative;COMPLEXssap!;c8f825cd-c3ab-4c13-9645-a929b99a1209;41085
tem;COMPLEXssap!;07235ef2-4db8-4d2a-affe-e23830e34295;41086
test.arepresentative;COMPLEXssap!;c8f825cd-c3ab-4c13-9645-a929b99a1209;41087
tem;COMPLEXssap!;07235ef2-4db8-4d2a-affe-e23830e34295;41088
test.arepresentative;COMPLEXssap!;c8f825cd-c3ab-4c13-9645-a929b99a1209;41089
tem;COMPLEXssap!;07235ef2-4db8-4d2a-affe-e23830e34295;41090
test.arepresentative;COMPLEXssap!;c8f825cd-c3ab-4c13-9645-a929b99a1209;41091
tem;COMPLEXssap!;07235ef2-4db8-4d2a-affe-e23830e34295;41092
test.arepresentative;COMPLEXssap!;c8f825cd-c3ab-4c13-9645-a929b99a1209;41093
tem;COMPLEXssap!;07235ef2-4db8-4d2a-affe-e23830e34295;41094
test.arepresentative;COMPLEXssap!;c8f825cd-c3ab-4c13-9645-a929b99a1209;41095
tem;COMPLEXssap!;07235ef2-4db8-4d2a-affe-e23830e34295;41096
test.arepresentative;COMPLEXssap!;c8f825cd-c3ab-4c13-9645-a929b99a1209;41097
tem;COMPLEXssap!;07235ef2-4db8-4d2a-affe-e23830e34295;41098
test.arepresentative;COMPLEXssap!;c8f825cd-c3ab-4c13-9645-a929b99a1209;41099
tem;COMPLEXssap!;07235ef2-4db8-4d2a-affe-e23830e34295;41100
test.arepresentative;COMPLEXssap!;c8f825cd-c3ab-4c13-9645-a929b99a1209;41101
tem;COMPLEXssap!;07235ef2-4db8-4d2a-affe-e23830e34295;41102
test.arepresentative;COMPLEXssap!;c8f825cd-c3ab-4c13-9645-a929b99a1209;41103
tem;COMPLEXssap!;07235ef2-4db8-4d2a-affe-e23830e34295;41104
test.arepresentative;COMPLEXssap!;c8f825cd-c3ab-4c13-9645-a929b99a1209;41105
tem;COMPLEXssap!;07235ef2-4db8-4d2a-affe-e23830e34295;41106
test.arepresentative;COMPLEXssap!;c8f825cd-c3ab-4c13-9645-a929b99a1209;41107
tem;COMPLEXssap!;07235ef2-4db8-4d2a-affe-e23830e34295;41108
test.arepresentative;COMPLEXssap!;c8f825cd-c3ab-4c13-9645-a929b99a1209;41109
tem;COMPLEXssap!;07235ef2-4db8-4d2a-affe-e23830e34295;41110
test.arepresentative;COMPLEXssap!;c8f825cd-c3ab-4c13-9645-a929b99a1209;41111
tem;COMPLEXssap!;07235ef2-4db8-4d2a-affe-e23830e34295;41112
test.arepresentative;COMPLEXssap!;c8f825cd-c3ab-4c13-9645-a929b99a1209;41113
tem;COMPLEXssap!;07235ef2-4db8-4d2a-affe-e23830e34295;41114
test.arepresentative;COMPLEXssap!;c8f825cd-c3ab-4c13-9645-a929b99a1209;41115
tem;COMPLEXssap!;07235ef2-4db8-4d2a-affe-e23830e34295;41116
test.arepresentative;COMPLEXssap!;c8f825cd-c3ab-4c13-9645-a929b99a1209;41117
tem;COMPLEXssap!;07235ef2-4db8-4d2a-affe-e23830e34295;41118
test.arepresentative;COMPLEXssap!;c8f825cd-c3ab-4c13-9645-a929b99a1209;41119
tem;COMPLEXssap!;07235ef2-4db8-4d2a-affe-e23830e34295;41120
test.arepresentative;COMPLEXssap!;c8f825cd-c3ab-4c13-9645-a929b99a1209;41121
tem;COMPLEXssap!;07235ef2-4db8-4d2a-affe-e23830e34295;41122
test.arepresentative;COMPLEXssap!;c8f825cd-c3ab-4c13-9645-a929b99a1209;41123
tem;COMPLEXssap!;07235ef2-4db8-4d2a-affe-e23830e34295;41124
test.arepresentative;COMPLEXssap!;c8f825cd-c3ab-4c13-9645-a929b99a1209;41125
tem;COMPLEXssap!;07235ef2-4db8-4d2a-affe-e23830e34295;41126
test.arepresentative;COMPLEXssap!;c8f825cd-c3ab-4c13-9645-a929b99a1209;41127
tem;COMPLEXssap!;07235ef2-4db8-4d2a-affe-e23830e34295;41128
test.arepresentative;COMPLEXssap!;c8f825cd-c3ab-4c13-9645-a929b99a1209;41129
tem;COMPLEXssap!;07235ef2-4db8-4d2a-affe-e23830e34295;41130
test.arepresentative;COMPLEXssap!;c8f825cd-c3ab-4c13-9645-a929b99a1209;41131
tem;COMPLEXssap!;07235ef2-4db8-4d2a-affe-e23830e34295;41132
test.arepresentative;COMPLEXssap!;c8f825cd-c3ab-4c13-9645-a929b99a1209;41133
tem;COMPLEXssap!;07235ef2-4db8-4d2a-affe-e23830e34295;41134
test.arepresentative;COMPLEXssap!;c8f825cd-c3ab-4c13-9645-a929b99a1209;41135
tem;COMPLEXssap!;07235ef2-4db8-4d2a-affe-e23830e34295;41136
test.arepresentative;COMPLEXssap!;c8f825cd-c3ab-4c13-9645-a929b99a1209;41137
tem;COMPLEXssap!;07235ef2-4db8-4d2a-affe-e23830e34295;41138
test.arepresentative;COMPLEXssap!;c8f825cd-c3ab-4c13-9645-a929b99a1209;41139
tem;COMPLEXssap!;07235ef2-4db8-4d2a-affe-e23830e34295;41140
test.arepresentative;COMPLEXssap!;c8f825cd-c3ab-4c13-9645-a929b99a1209;41141
tem;COMPLEXssap!;07235ef2-4db8-4d2a-affe-e23830e34295;41142
test.arepresentative;COMPLEXssap!;c8f825cd-c3ab-4c13-9645-a929b99a1209;41143
tem;COMPLEXssap!;07235ef2-4db8-4d2a-affe-e23830e34295;41144
test.arepresentative;COMPLEXssap!;c8f825cd-c3ab-4c13-9645-a929b99a1209;41145
tem;COMPLEXssap!;07235ef2-4db8-4d2a-affe-e23830e34295;41146
test.arepresentative;COMPLEXssap!;c8f825cd-c3ab-4c13-9645-a929b99a1209;41147
tem;COMPLEXssap!;07235ef2-4db8-4d2a-affe-e23830e34295;41148
test.arepresentative;COMPLEXssap!;c8f825cd-c3ab-4c13-9645-a929b99a1209;41149
tem;COMPLEXssap!;07235ef2-4db8-4d2a-affe-e23830e34295;41150
test.arepresentative;COMPLEXssap!;c8f825cd-c3ab-4c13-9645-a929b99a1209;41151
tem;COMPLEXssap!;07235ef2-4db8-4d2a-affe-e23830e34295;41152
test.arepresentative;COMPLEXssap!;c8f825cd-c3ab-4c13-9645-a929b99a1209;41153
tem;COMPLEXssap!;07235ef2-4db8-4d2a-affe-e23830e34295;41154
test.arepresentative;COMPLEXssap!;c8f825cd-c3ab-4c13-9645-a929b99a1209;41155
tem;COMPLEXssap!;07235ef2-4db8-4d2a-affe-e23830e34295;41156
test.arepresentative;COMPLEXssap!;c8f825cd-c3ab-4c13-9645-a929b99a1209;41157
tem;COMPLEXssap!;07235ef2-4db8-4d2a-affe-e23830e34295;41158
test.arepresentative;COMPLEXssap!;c8f825cd-c3ab-4c13-9645-a929b99a1209;41159
tem;COMPLEXssap!;07235ef2-4db8-4d2a-affe-e23830e34295;41160
test.arepresentative;COMPLEXssap!;c8f825cd-c3ab-4c13-9645-a929b99a1209;41161
tem;COMPLEXssap!;07235ef2-4db8-4d2a-affe-e23830e34295;41162
test.arepresentative;COMPLEXssap!;c8f825cd-c3ab-4c13-9645-a929b99a1209;41163
tem;COMPLEXssap!;07235ef2-4db8-4d2a-affe-e23830e34295;41164
test.arepresentative;COMPLEXssap!;c8f825cd-c3ab-4c13-9645-a929b99a1209;41165
tem;COMPLEXssap!;07235ef2-4db8-4d2a-affe-e23830e34295;41166
test.arepresentative;COMPLEXssap!;c8f825cd-c3ab-4c13-9645-a929b99a1209;41167
tem;COMPLEXssap!;07235ef2-4db8-4d2a-affe-e23830e34295;41168
test.arepresentative;COMPLEXssap!;c8f825cd-c3ab-4c13-9645-a929b99a1209;41169
tem;COMPLEXssap!;07235ef2-4db8-4d2a-affe-e23830e34295;41170
test.arepresentative;COMPLEXssap!;c8f825cd-c3ab-4c13-9645-a929b99a1209;41171
tem;COMPLEXssap!;07235ef2-4db8-4d2a-affe-e23830e34295;41172
test.arepresentative;COMPLEXssap!;c8f825cd-c3ab-4c13-9645-a929b99a1209;41173
tem;COMPLEXssap!;07235ef2-4db8-4d2a-affe-e23830e34295;41174
test.arepresentative;COMPLEXssap!;c8f825cd-c3ab-4c13-9645-a929b99a1209;41175
tem;COMPLEXssap!;07235ef2-4db8-4d2a-affe-e23830e34295;41176
test.arepresentative;COMPLEXssap!;c8f825cd-c3ab-4c13-9645-a929b99a1209;41177
tem;COMPLEXssap!;07235ef2-4db8-4d2a-affe-e23830e34295;41178
test.arepresentative;COMPLEXssap!;c8f825cd-c3ab-4c13-9645-a929b99a1209;41179
tem;COMPLEXssap!;07235ef2-4db8-4d2a-affe-e23830e34295;41180
test.arepresentative;COMPLEXssap!;c8f825cd-c3ab-4c13-9645-a929b99a1209;41181
tem;COMPLEXssap!;07235ef2-4db8-4d2a-affe-e23830e34295;41182
test.arepresentative;COMPLEXssap!;c8f825cd-c3ab-4c13-9645-a929b99a1209;41183
tem;COMPLEXssap!;07235ef2-4db8-4d2a-affe-e23830e34295;41184
test.arepresentative;COMPLEXssap!;c8f825cd-c3ab-4c13-9645-a929b99a1209;41185
tem;COMPLEXssap!;07235ef2-4db8-4d2a-affe-e23830e34295;41186
test.arepresentative;COMPLEXssap!;c8f825cd-c3ab-4c13-9645-a929b99a1209;41187
tem;COMPLEXssap!;07235ef2-4db8-4d2a-affe-e23830e34295;41188
test.arepresentative;COMPLEXssap!;c8f825cd-c3ab-4c13-9645-a929b99a1209;41189
tem;COMPLEXssap!;07235ef2-4db8-4d2a-affe-e23830e34295;41190
test.arepresentative;COMPLEXssap!;c8f825cd-c3ab-4c13-9645-a929b99a1209;41191
tem;COMPLEXssap!;07235ef2-4db8-4d2a-affe-e23830e34295;41192
test.arepresentative;COMPLEXssap!;c8f825cd-c3ab-4c13-9645-a929b99a1209;41193
tem;COMPLEXssap!;07235ef2-4db8-4d2a-affe-e23830e34295;41194
test.arepresentative;COMPLEXssap!;c8f825cd-c3ab-4c13-9645-a929b99a1209;41195
tem;COMPLEXssap!;07235ef2-4db8-4d2a-affe-e23830e34295;41196
test.arepresentative;COMPLEXssap!;c8f825cd-c3ab-4c13-9645-a929b99a1209;41197
tem;COMPLEXssap!;07235ef2-4db8-4d2a-affe-e23830e34295;41198
test.arepresentative;COMPLEXssap!;c8f825cd-c3ab-4c13-9645-a929b99a1209;41199
tem;COMPLEXssap!;07235ef2-4db8-4d2a-affe-e23830e34295;41200
test.arepresentative;COMPLEXssap!;c8f825cd-c3ab-4c13-9645-a929b99a1209;41201
tem;COMPLEXssap!;07235ef2-4db8-4d2a-affe-e23830e34295;41202
test.arepresentative;COMPLEXssap!;c8f825cd-c3ab-4c13-9645-a929b99a1209;41203
tem;COMPLEXssap!;07235ef2-4db8-4d2a-affe-e23830e34295;41204
test.arepresentative;COMPLEXssap!;c8f825cd-c3ab-4c13-9645-a929b99a1209;41205
tem;COMPLEXssap!;07235ef2-4db8-4d2a-affe-e23830e34295;41206
test.arepresentative;COMPLEXssap!;c8f825cd-c3ab-4c13-9645-a929b99a1209;41207
tem;COMPLEXssap!;07235ef2-4db8-4d2a-affe-e23830e34295;41208
test.arepresentative;COMPLEXssap!;c8f825cd-c3ab-4c13-9645-a929b99a1209;41209
tem;COMPLEXssap!;07235ef2-4db8-4d2a-affe-e23830e34295;41210
test.arepresentative;COMPLEXssap!;c8f825cd-c3ab-4c13-9645-a929b99a1209;41211
tem;COMPLEXssap!;07235ef2-4db8-4d2a-affe-e23830e34295;41212
test.arepresentative;COMPLEXssap!;c8f825cd-c3ab-4c13-9645-a929b99a1209;41213
tem;COMPLEXssap!;07235ef2-4db8-4d2a-affe-e23830e34295;41214
test.arepresentative;COMPLEXssap!;c8f825cd-c3ab-4c13-9645-a929b99a1209;41215
tem;COMPLEXssap!;07235ef2-4db8-4d2a-affe-e23830e34295;41216
test.arepresentative;COMPLEXssap!;c8f825cd-c3ab-4c13-9645-a929b99a1209;41217
tem;COMPLEXssap!;07235ef2-4db8-4d2a-affe-e23830e34295;41218
test.arepresentative;COMPLEXssap!;c8f825cd-c3ab-4c13-9645-a929b99a1209;41219
tem;COMPLEXssap!;07235ef2-4db8-4d2a-affe-e23830e34295;41220
test.arepresentative;COMPLEXssap!;c8f825cd-c3ab-4c13-9645-a929b99a1209;41221
tem;COMPLEXssap!;07235ef2-4db8-4d2a-affe-e23830e34295;41222
test.arepresentative;COMPLEXssap!;c8f825cd-c3ab-4c13-9645-a929b99a1209;41223
tem;COMPLEXssap!;07235ef2-4db8-4d2a-affe-e23830e34295;41224
test.arepresentative;COMPLEXssap!;c8f825cd-c3ab-4c13-9645-a929b99a1209;41225
tem;COMPLEXssap!;07235ef2-4db8-4d2a-affe-e23830e34295;41226
test.arepresentative;COMPLEXssap!;c8f825cd-c3ab-4c13-9645-a929b99a1209;41227
tem;COMPLEXssap!;07235ef2-4db8-4d2a-affe-e23830e34295;41228
test.arepresentative;COMPLEXssap!;c8f825cd-c3ab-4c13-9645-a929b99a1209;41229
tem;COMPLEXssap!;07235ef2-4db8-4d2a-affe-e23830e34295;41230
test.arepresentative;COMPLEXssap!;c8f825cd-c3ab-4c13-9645-a929b99a1209;41231
tem;COMPLEXssap!;07235ef2-4db8-4d2a-affe-e23830e34295;41232
test.arepresentative;COMPLEXssap!;c8f825cd-c3ab-4c13-9645-a929b99a1209;41233
tem;COMPLEXssap!;07235ef2-4db8-4d2a-affe-e23830e34295;41234
test.arepresentative;COMPLEXssap!;c8f825cd-c3ab-4c13-9645-a929b99a1209;41235
tem;COMPLEXssap!;07235ef2-4db8-4d2a-affe-e23830e34295;41236
test.arepresentative;COMPLEXssap!;c8f825cd-c3ab-4c13-9645-a929b99a1209;41237
tem;COMPLEXssap!;07235ef2-4db8-4d2a-affe-e23830e34295;41238
test.arepresentative;COMPLEXssap!;c8f825cd-c3ab-4c13-9645-a929b99a1209;41239
tem;COMPLEXssap!;07235ef2-4db8-4d2a-affe-e23830e34295;41240
test.arepresentative;COMPLEXssap!;c8f825cd-c3ab-4c13-9645-a929b99a1209;41241
tem;COMPLEXssap!;07235ef2-4db8-4d2a-affe-e23830e34295;41242
test.arepresentative;COMPLEXssap!;c8f825cd-c3ab-4c13-9645-a929b99a1209;41243
tem;COMPLEXssap!;07235ef2-4db8-4d2a-affe-e23830e34295;41244
test.arepresentative;COMPLEXssap!;c8f825cd-c3ab-4c13-9645-a929b99a1209;41245
tem;COMPLEXssap!;07235ef2-4db8-4d2a-affe-e23830e34295;41246
test.arepresentative;COMPLEXssap!;c8f825cd-c3ab-4c13-9645-a929b99a1209;41247
tem;COMPLEXssap!;07235ef2-4db8-4d2a-affe-e23830e34295;41248
test.arepresentative;COMPLEXssap!;c8f825cd-c3ab-4c13-9645-a929b99a1209;41249
tem;COMPLEXssap!;07235ef2-4db8-4d2a-affe-e23830e34295;41250
test.arepresentative;COMPLEXssap!;c8f825cd-c3ab-4c13-9645-a929b99a1209;41251
tem;COMPLEXssap!;07235ef2-4db8-4d2a-affe-e23830e34295;41252
test.arepresentative;COMPLEXssap!;c8f825cd-c3ab-4c13-9645-a929b99a1209;41253
tem;COMPLEXssap!;07235ef2-4db8-4d2a-affe-e23830e34295;41254
test.arepresentative;COMPLEXssap!;c8f825cd-c3ab-4c13-9645-a929b99a1209;41255
tem;COMPLEXssap!;07235ef2-4db8-4d2a-affe-e23830e34295;41256
test.arepresentative;COMPLEXssap!;c8f825cd-c3ab-4c13-9645-a929b99a1209;41257
tem;COMPLEXssap!;07235ef2-4db8-4d2a-affe-e23830e34295;41258
test.arepresentative;COMPLEXssap!;c8f825cd-c3ab-4c13-9645-a929b99a1209;41259
tem;COMPLEXssap!;07235ef2-4db8-4d2a-affe-e23830e34295;41260
test.arepresentative;COMPLEXssap!;c8f825cd-c3ab-4c13-9645-a929b99a1209;41261
tem;COMPLEXssap!;07235ef2-4db8-4d2a-affe-e23830e34295;41262
test.arepresentative;COMPLEXssap!;c8f825cd-c3ab-4c13-9645-a929b99a1209;41263
tem;COMPLEXssap!;07235ef2-4db8-4d2a-affe-e23830e34295;41264
test.arepresentative;COMPLEXssap!;c8f825cd-c3ab-4c13-9645-a929b99a1209;41265
tem;COMPLEXssap!;07235ef2-4db8-4d2a-affe-e23830e34295;41266
test.arepresentative;COMPLEXssap!;c8f825cd-c3ab-4c13-9645-a929b99a1209;41267
tem;COMPLEXssap!;07235ef2-4db8-4d2a-affe-e23830e34295;41268
test.arepresentative;COMPLEXssap!;c8f825cd-c3ab-4c13-9645-a929b99a1209;41269
tem;COMPLEXssap!;07235ef2-4db8-4d2a-affe-e23830e34295;41270
test.arepresentative;COMPLEXssap!;c8f825cd-c3ab-4c13-9645-a929b99a1209;41271
tem;COMPLEXssap!;07235ef2-4db8-4d2a-affe-e23830e34295;41272
test.arepresentative;COMPLEXssap!;c8f825cd-c3ab-4c13-9645-a929b99a1209;41273
tem;COMPLEXssap!;07235ef2-4db8-4d2a-affe-e23830e34295;41274
test.arepresentative;COMPLEXssap!;c8f825cd-c3ab-4c13-9645-a929b99a1209;41275
tem;COMPLEXssap!;07235ef2-4db8-4d2a-affe-e23830e34295;41276
test.arepresentative;COMPLEXssap!;c8f825cd-c3ab-4c13-9645-a929b99a1209;41277
tem;COMPLEXssap!;07235ef2-4db8-4d2a-affe-e23830e34295;41278
test.arepresentative;COMPLEXssap!;c8f825cd-c3ab-4c13-9645-a929b99a1209;41279
tem;COMPLEXssap!;07235ef2-4db8-4d2a-affe-e23830e34295;41280
test.arepresentative;COMPLEXssap!;c8f825cd-c3ab-4c13-9645-a929b99a1209;41281
tem;COMPLEXssap!;07235ef2-4db8-4d2a-affe-e23830e34295;41282
test.arepresentative;COMPLEXssap!;c8f825cd-c3ab-4c13-9645-a929b99a1209;41283
tem;COMPLEXssap!;07235ef2-4db8-4d2a-affe-e23830e34295;41284
test.arepresentative;COMPLEXssap!;c8f825cd-c3ab-4c13-9645-a929b99a1209;41285
tem;COMPLEXssap!;07235ef2-4db8-4d2a-affe-e23830e34295;41286
test.arepresentative;COMPLEXssap!;c8f825cd-c3ab-4c13-9645-a929b99a1209;41287
tem;COMPLEXssap!;07235ef2-4db8-4d2a-affe-e23830e34295;41288
test.arepresentative;COMPLEXssap!;c8f825cd-c3ab-4c13-9645-a929b99a1209;41289
tem;COMPLEXssap!;07235ef2-4db8-4d2a-affe-e23830e34295;41290
test.arepresentative;COMPLEXssap!;c8f825cd-c3ab-4c13-9645-a929b99a1209;41291
tem;COMPLEXssap!;07235ef2-4db8-4d2a-affe-e23830e34295;41292
test.arepresentative;COMPLEXssap!;c8f825cd-c3ab-4c13-9645-a929b99a1209;41293
tem;COMPLEXssap!;07235ef2-4db8-4d2a-affe-e23830e34295;41294
test.arepresentative;COMPLEXssap!;c8f825cd-c3ab-4c13-9645-a929b99a1209;41295
tem;COMPLEXssap!;07235ef2-4db8-4d2a-affe-e23830e34295;41296
test.arepresentative;COMPLEXssap!;c8f825cd-c3ab-4c13-9645-a929b99a1209;41297
tem;COMPLEXssap!;07235ef2-4db8-4d2a-affe-e23830e34295;41298
test.arepresentative;COMPLEXssap!;c8f825cd-c3ab-4c13-9645-a929b99a1209;41299
tem;COMPLEXssap!;07235ef2-4db8-4d2a-affe-e23830e34295;41300
test.arepresentative;COMPLEXssap!;c8f825cd-c3ab-4c13-9645-a929b99a1209;41301
tem;COMPLEXssap!;07235ef2-4db8-4d2a-affe-e23830e34295;41302
test.arepresentative;COMPLEXssap!;c8f825cd-c3ab-4c13-9645-a929b99a1209;41303
tem;COMPLEXssap!;07235ef2-4db8-4d2a-affe-e23830e34295;41304
test.arepresentative;COMPLEXssap!;c8f825cd-c3ab-4c13-9645-a929b99a1209;41305
tem;COMPLEXssap!;07235ef2-4db8-4d2a-affe-e23830e34295;41306
test.arepresentative;COMPLEXssap!;c8f825cd-c3ab-4c13-9645-a929b99a1209;41307
tem;COMPLEXssap!;07235ef2-4db8-4d2a-affe-e23830e34295;41308
test.arepresentative;COMPLEXssap!;c8f825cd-c3ab-4c13-9645-a929b99a1209;41309
tem;COMPLEXssap!;07235ef2-4db8-4d2a-affe-e23830e34295;41310
test.arepresentative;COMPLEXssap!;c8f825cd-c3ab-4c13-9645-a929b99a1209;41311
tem;COMPLEXssap!;07235ef2-4db8-4d2a-affe-e23830e34295;41312
test.arepresentative;COMPLEXssap!;c8f825cd-c3ab-4c13-9645-a929b99a1209;41313
tem;COMPLEXssap!;07235ef2-4db8-4d2a-affe-e23830e34295;41314
test.arepresentative;COMPLEXssap!;c8f825cd-c3ab-4c13-9645-a929b99a1209;41315
tem;COMPLEXssap!;07235ef2-4db8-4d2a-affe-e23830e34295;41316
test.arepresentative;COMPLEXssap!;c8f825cd-c3ab-4c13-9645-a929b99a1209;41317
tem;COMPLEXssap!;07235ef2-4db8-4d2a-affe-e23830e34295;41318
test.arepresentative;COMPLEXssap!;c8f825cd-c3ab-4c13-9645-a929b99a1209;41319
tem;COMPLEXssap!;07235ef2-4db8-4d2a-affe-e23830e34295;41320
test.arepresentative;COMPLEXssap!;c8f825cd-c3ab-4c13-9645-a929b99a1209;41321
tem;COMPLEXssap!;07235ef2-4db8-4d2a-affe-e23830e34295;41322
test.arepresentative;COMPLEXssap!;c8f825cd-c3ab-4c13-9645-a929b99a1209;41323
tem;COMPLEXssap!;07235ef2-4db8-4d2a-affe-e23830e34295;41324
test.arepresentative;COMPLEXssap!;c8f825cd-c3ab-4c13-9645-a929b99a1209;41325
tem;COMPLEXssap!;07235ef2-4db8-4d2a-affe-e23830e34295;41326
test.arepresentative;COMPLEXssap!;c8f825cd-c3ab-4c13-9645-a929b99a1209;41327
tem;COMPLEXssap!;07235ef2-4db8-4d2a-affe-e23830e34295;41328
test.arepresentative;COMPLEXssap!;c8f825cd-c3ab-4c13-9645-a929b99a1209;41329
tem;COMPLEXssap!;07235ef2-4db8-4d2a-affe-e23830e34295;41330
test.arepresentative;COMPLEXssap!;c8f825cd-c3ab-4c13-9645-a929b99a1209;41331
tem;COMPLEXssap!;07235ef2-4db8-4d2a-affe-e23830e34295;41332
test.arepresentative;COMPLEXssap!;c8f825cd-c3ab-4c13-9645-a929b99a1209;41333
tem;COMPLEXssap!;07235ef2-4db8-4d2a-affe-e23830e34295;41334
test.arepresentative;COMPLEXssap!;c8f825cd-c3ab-4c13-9645-a929b99a1209;41335
tem;COMPLEXssap!;07235ef2-4db8-4d2a-affe-e23830e34295;41336
test.arepresentative;COMPLEXssap!;c8f825cd-c3ab-4c13-9645-a929b99a1209;41337
tem;COMPLEXssap!;07235ef2-4db8-4d2a-affe-e23830e34295;41338
test.arepresentative;COMPLEXssap!;c8f825cd-c3ab-4c13-9645-a929b99a1209;41339
tem;COMPLEXssap!;07235ef2-4db8-4d2a-affe-e23830e34295;41340
test.arepresentative;COMPLEXssap!;c8f825cd-c3ab-4c13-9645-a929b99a1209;41341
tem;COMPLEXssap!;07235ef2-4db8-4d2a-affe-e23830e34295;41342
test.arepresentative;COMPLEXssap!;c8f825cd-c3ab-4c13-9645-a929b99a1209;41343
tem;COMPLEXssap!;07235ef2-4db8-4d2a-affe-e23830e34295;41344
test.arepresentative;COMPLEXssap!;c8f825cd-c3ab-4c13-9645-a929b99a1209;41345
tem;COMPLEXssap!;07235ef2-4db8-4d2a-affe-e23830e34295;41346
test.arepresentative;COMPLEXssap!;c8f825cd-c3ab-4c13-9645-a929b99a1209;41347
tem;COMPLEXssap!;07235ef2-4db8-4d2a-affe-e23830e34295;41348
test.arepresentative;COMPLEXssap!;c8f825cd-c3ab-4c13-9645-a929b99a1209;41349
tem;COMPLEXssap!;07235ef2-4db8-4d2a-affe-e23830e34295;41350
test.arepresentative;COMPLEXssap!;c8f825cd-c3ab-4c13-9645-a929b99a1209;41351
tem;COMPLEXssap!;07235ef2-4db8-4d2a-affe-e23830e34295;41352
test.arepresentative;COMPLEXssap!;c8f825cd-c3ab-4c13-9645-a929b99a1209;41353
tem;COMPLEXssap!;07235ef2-4db8-4d2a-affe-e23830e34295;41354
test.arepresentative;COMPLEXssap!;c8f825cd-c3ab-4c13-9645-a929b99a1209;41355
tem;COMPLEXssap!;07235ef2-4db8-4d2a-affe-e23830e34295;41356
test.arepresentative;COMPLEXssap!;c8f825cd-c3ab-4c13-9645-a929b99a1209;41357
tem;COMPLEXssap!;07235ef2-4db8-4d2a-affe-e23830e34295;41358
test.arepresentative;COMPLEXssap!;c8f825cd-c3ab-4c13-9645-a929b99a1209;41359
tem;COMPLEXssap!;07235ef2-4db8-4d2a-affe-e23830e34295;41360
test.arepresentative;COMPLEXssap!;c8f825cd-c3ab-4c13-9645-a929b99a1209;41361
tem;COMPLEXssap!;07235ef2-4db8-4d2a-affe-e23830e34295;41362
test.arepresentative;COMPLEXssap!;c8f825cd-c3ab-4c13-9645-a929b99a1209;41363
tem;COMPLEXssap!;07235ef2-4db8-4d2a-affe-e23830e34295;41364
test.arepresentative;COMPLEXssap!;c8f825cd-c3ab-4c13-9645-a929b99a1209;41365
tem;COMPLEXssap!;07235ef2-4db8-4d2a-affe-e23830e34295;41366
test.arepresentative;COMPLEXssap!;c8f825cd-c3ab-4c13-9645-a929b99a1209;41367
tem;COMPLEXssap!;07235ef2-4db8-4d2a-affe-e23830e34295;41368
test.arepresentative;COMPLEXssap!;c8f825cd-c3ab-4c13-9645-a929b99a1209;41369
tem;COMPLEXssap!;07235ef2-4db8-4d2a-affe-e23830e34295;41370
test.arepresentative;COMPLEXssap!;c8f825cd-c3ab-4c13-9645-a929b99a1209;41371
tem;COMPLEXssap!;07235ef2-4db8-4d2a-affe-e23830e34295;41372
test.arepresentative;COMPLEXssap!;c8f825cd-c3ab-4c13-9645-a929b99a1209;41373
tem;COMPLEXssap!;07235ef2-4db8-4d2a-affe-e23830e34295;41374
test.arepresentative;COMPLEXssap!;c8f825cd-c3ab-4c13-9645-a929b99a1209;41375
tem;COMPLEXssap!;07235ef2-4db8-4d2a-affe-e23830e34295;41376
test.arepresentative;COMPLEXssap!;c8f825cd-c3ab-4c13-9645-a929b99a1209;41377
tem;COMPLEXssap!;07235ef2-4db8-4d2a-affe-e23830e34295;41378
test.arepresentative;COMPLEXssap!;c8f825cd-c3ab-4c13-9645-a929b99a1209;41379
tem;COMPLEXssap!;07235ef2-4db8-4d2a-affe-e23830e34295;41380
test.arepresentative;COMPLEXssap!;c8f825cd-c3ab-4c13-9645-a929b99a1209;41381
tem;COMPLEXssap!;07235ef2-4db8-4d2a-affe-e23830e34295;41382
test.arepresentative;COMPLEXssap!;c8f825cd-c3ab-4c13-9645-a929b99a1209;41383
tem;COMPLEXssap!;07235ef2-4db8-4d2a-affe-e23830e34295;41384
test.arepresentative;COMPLEXssap!;c8f825cd-c3ab-4c13-9645-a929b99a1209;41385
tem;COMPLEXssap!;07235ef2-4db8-4d2a-affe-e23830e34295;41386
test.arepresentative;COMPLEXssap!;c8f825cd-c3ab-4c13-9645-a929b99a1209;41387
tem;COMPLEXssap!;07235ef2-4db8-4d2a-affe-e23830e34295;41388
test.arepresentative;COMPLEXssap!;c8f825cd-c3ab-4c13-9645-a929b99a1209;41389
tem;COMPLEXssap!;07235ef2-4db8-4d2a-affe-e23830e34295;41390
test.arepresentative;COMPLEXssap!;c8f825cd-c3ab-4c13-9645-a929b99a1209;41391
tem;COMPLEXssap!;07235ef2-4db8-4d2a-affe-e23830e34295;41392
test.arepresentative;COMPLEXssap!;c8f825cd-c3ab-4c13-9645-a929b99a1209;41393
tem;COMPLEXssap!;07235ef2-4db8-4d2a-affe-e23830e34295;41394
test.arepresentative;COMPLEXssap!;c8f825cd-c3ab-4c13-9645-a929b99a1209;41395
tem;COMPLEXssap!;07235ef2-4db8-4d2a-affe-e23830e34295;41396
test.arepresentative;COMPLEXssap!;c8f825cd-c3ab-4c13-9645-a929b99a1209;41397
tem;COMPLEXssap!;07235ef2-4db8-4d2a-affe-e23830e34295;41398
test.arepresentative;COMPLEXssap!;c8f825cd-c3ab-4c13-9645-a929b99a1209;41399
tem;COMPLEXssap!;07235ef2-4db8-4d2a-affe-e23830e34295;41400
test.arepresentative;COMPLEXssap!;c8f825cd-c3ab-4c13-9645-a929b99a1209;41401
tem;COMPLEXssap!;07235ef2-4db8-4d2a-affe-e23830e34295;41402
test.arepresentative;COMPLEXssap!;c8f825cd-c3ab-4c13-9645-a929b99a1209;41403
tem;COMPLEXssap!;07235ef2-4db8-4d2a-affe-e23830e34295;41404
test.arepresentative;COMPLEXssap!;c8f825cd-c3ab-4c13-9645-a929b99a1209;41405
tem;COMPLEXssap!;07235ef2-4db8-4d2a-affe-e23830e34295;41406
test.arepresentative;COMPLEXssap!;c8f825cd-c3ab-4c13-9645-a929b99a1209;41407
tem;COMPLEXssap!;07235ef2-4db8-4d2a-affe-e23830e34295;41408
test.arepresentative;COMPLEXssap!;c8f825cd-c3ab-4c13-9645-a929b99a1209;41409
tem;COMPLEXssap!;07235ef2-4db8-4d2a-affe-e23830e34295;41410
test.arepresentative;COMPLEXssap!;c8f825cd-c3ab-4c13-9645-a929b99a1209;41411
tem;COMPLEXssap!;07235ef2-4db8-4d2a-affe-e23830e34295;41412
test.arepresentative;COMPLEXssap!;c8f825cd-c3ab-4c13-9645-a929b99a1209;41413
tem;COMPLEXssap!;07235ef2-4db8-4d2a-affe-e23830e34295;41414
test.arepresentative;COMPLEXssap!;c8f825cd-c3ab-4c13-9645-a929b99a1209;41415
tem;COMPLEXssap!;07235ef2-4db8-4d2a-affe-e23830e34295;41416
test.arepresentative;COMPLEXssap!;c8f825cd-c3ab-4c13-9645-a929b99a1209;41417
tem;COMPLEXssap!;07235ef2-4db8-4d2a-affe-e23830e34295;41418
test.arepresentative;COMPLEXssap!;c8f825cd-c3ab-4c13-9645-a929b99a1209;41419
tem;COMPLEXssap!;07235ef2-4db8-4d2a-affe-e23830e34295;41420
test.arepresentative;COMPLEXssap!;c8f825cd-c3ab-4c13-9645-a929b99a1209;41421
tem;COMPLEXssap!;07235ef2-4db8-4d2a-affe-e23830e34295;41422
test.arepresentative;COMPLEXssap!;c8f825cd-c3ab-4c13-9645-a929b99a1209;41423
tem;COMPLEXssap!;07235ef2-4db8-4d2a-affe-e23830e34295;41424
test.arepresentative;COMPLEXssap!;c8f825cd-c3ab-4c13-9645-a929b99a1209;41425
tem;COMPLEXssap!;07235ef2-4db8-4d2a-affe-e23830e34295;41426
test.arepresentative;COMPLEXssap!;c8f825cd-c3ab-4c13-9645-a929b99a1209;41427
tem;COMPLEXssap!;07235ef2-4db8-4d2a-affe-e23830e34295;41428
test.arepresentative;COMPLEXssap!;c8f825cd-c3ab-4c13-9645-a929b99a1209;41429
tem;COMPLEXssap!;07235ef2-4db8-4d2a-affe-e23830e34295;41430
test.arepresentative;COMPLEXssap!;c8f825cd-c3ab-4c13-9645-a929b99a1209;41431
tem;COMPLEXssap!;07235ef2-4db8-4d2a-affe-e23830e34295;41432
test.arepresentative;COMPLEXssap!;c8f825cd-c3ab-4c13-9645-a929b99a1209;41433
tem;COMPLEXssap!;07235ef2-4db8-4d2a-affe-e23830e34295;41434
test.arepresentative;COMPLEXssap!;c8f825cd-c3ab-4c13-9645-a929b99a1209;41435
tem;COMPLEXssap!;07235ef2-4db8-4d2a-affe-e23830e34295;41436
test.arepresentative;COMPLEXssap!;c8f825cd-c3ab-4c13-9645-a929b99a1209;41437
tem;COMPLEXssap!;07235ef2-4db8-4d2a-affe-e23830e34295;41438
test.arepresentative;COMPLEXssap!;c8f825cd-c3ab-4c13-9645-a929b99a1209;41439
tem;COMPLEXssap!;07235ef2-4db8-4d2a-affe-e23830e34295;41440
test.arepresentative;COMPLEXssap!;c8f825cd-c3ab-4c13-9645-a929b99a1209;41441
tem;COMPLEXssap!;07235ef2-4db8-4d2a-affe-e23830e34295;41442
test.arepresentative;COMPLEXssap!;c8f825cd-c3ab-4c13-9645-a929b99a1209;41443
