test.arepresentative;COMPLEXssap!;c8f825cd-c3ab-4c13-9645-a929b99a1209;2017-09-01;2017-09-01
tem;COMPLEXssap!;07235ef2-4db8-4d2a-affe-e23830e34295;2017-09-04;2017-09-04
test.arepresentative;COMPLEXssap!;c8f825cd-c3ab-4c13-9645-a929b99a1209;2017-09-05;2017-09-05
tem;COMPLEXssap!;07235ef2-4db8-4d2a-affe-e23830e34295;2017-09-06;2017-09-06
test.arepresentative;COMPLEXssap!;c8f825cd-c3ab-4c13-9645-a929b99a1209;2017-09-07;2017-09-07
tem;COMPLEXssap!;07235ef2-4db8-4d2a-affe-e23830e34295;2017-09-08;2017-09-08
test.arepresentative;COMPLEXssap!;c8f825cd-c3ab-4c13-9645-a929b99a1209;2017-09-11;2017-09-11
tem;COMPLEXssap!;07235ef2-4db8-4d2a-affe-e23830e34295;2017-09-12;2017-09-12
test.arepresentative;COMPLEXssap!;c8f825cd-c3ab-4c13-9645-a929b99a1209;2017-09-13;2017-09-13
tem;COMPLEXssap!;07235ef2-4db8-4d2a-affe-e23830e34295;2017-09-14;2017-09-14
test.arepresentative;COMPLEXssap!;c8f825cd-c3ab-4c13-9645-a929b99a1209;2017-09-15;2017-09-15
tem;COMPLEXssap!;07235ef2-4db8-4d2a-affe-e23830e34295;2017-09-18;2017-09-18
test.arepresentative;COMPLEXssap!;c8f825cd-c3ab-4c13-9645-a929b99a1209;2017-09-19;2017-09-19
tem;COMPLEXssap!;07235ef2-4db8-4d2a-affe-e23830e34295;2017-09-20;2017-09-20
test.arepresentative;COMPLEXssap!;c8f825cd-c3ab-4c13-9645-a929b99a1209;2017-09-21;2017-09-21
tem;COMPLEXssap!;07235ef2-4db8-4d2a-affe-e23830e34295;2017-09-22;2017-09-22
test.arepresentative;COMPLEXssap!;c8f825cd-c3ab-4c13-9645-a929b99a1209;2017-09-25;2017-09-25
tem;COMPLEXssap!;07235ef2-4db8-4d2a-affe-e23830e34295;2017-09-26;2017-09-26
test.arepresentative;COMPLEXssap!;c8f825cd-c3ab-4c13-9645-a929b99a1209;2017-09-27;2017-09-27
tem;COMPLEXssap!;07235ef2-4db8-4d2a-affe-e23830e34295;2017-09-28;2017-09-28
test.arepresentative;COMPLEXssap!;c8f825cd-c3ab-4c13-9645-a929b99a1209;2017-09-29;2017-09-29
tem;COMPLEXssap!;07235ef2-4db8-4d2a-affe-e23830e34295;2017-10-02;2017-10-02
test.arepresentative;COMPLEXssap!;c8f825cd-c3ab-4c13-9645-a929b99a1209;2017-10-03;2017-10-03
tem;COMPLEXssap!;07235ef2-4db8-4d2a-affe-e23830e34295;2017-10-04;2017-10-04
test.arepresentative;COMPLEXssap!;c8f825cd-c3ab-4c13-9645-a929b99a1209;2017-10-05;2017-10-05
tem;COMPLEXssap!;07235ef2-4db8-4d2a-affe-e23830e34295;2017-10-06;2017-10-06
test.arepresentative;COMPLEXssap!;c8f825cd-c3ab-4c13-9645-a929b99a1209;2017-10-09;2017-10-09
tem;COMPLEXssap!;07235ef2-4db8-4d2a-affe-e23830e34295;2017-10-10;2017-10-10
test.arepresentative;COMPLEXssap!;c8f825cd-c3ab-4c13-9645-a929b99a1209;2017-10-11;2017-10-11
tem;COMPLEXssap!;07235ef2-4db8-4d2a-affe-e23830e34295;2017-10-12;2017-10-12
test.arepresentative;COMPLEXssap!;c8f825cd-c3ab-4c13-9645-a929b99a1209;2017-10-13;2017-10-13
tem;COMPLEXssap!;07235ef2-4db8-4d2a-affe-e23830e34295;2017-10-16;2017-10-16
test.arepresentative;COMPLEXssap!;c8f825cd-c3ab-4c13-9645-a929b99a1209;2017-10-17;2017-10-17
tem;COMPLEXssap!;07235ef2-4db8-4d2a-affe-e23830e34295;2017-10-18;2017-10-18
test.arepresentative;COMPLEXssap!;c8f825cd-c3ab-4c13-9645-a929b99a1209;2017-10-19;2017-10-19
tem;COMPLEXssap!;07235ef2-4db8-4d2a-affe-e23830e34295;2017-10-20;2017-10-20
test.arepresentative;COMPLEXssap!;c8f825cd-c3ab-4c13-9645-a929b99a1209;2017-10-23;2017-10-23
tem;COMPLEXssap!;07235ef2-4db8-4d2a-affe-e23830e34295;2017-10-24;2017-10-24
test.arepresentative;COMPLEXssap!;c8f825cd-c3ab-4c13-9645-a929b99a1209;2017-10-25;2017-10-25
tem;COMPLEXssap!;07235ef2-4db8-4d2a-affe-e23830e34295;2017-10-26;2017-10-26
test.arepresentative;COMPLEXssap!;c8f825cd-c3ab-4c13-9645-a929b99a1209;2017-10-27;2017-10-27
tem;COMPLEXssap!;07235ef2-4db8-4d2a-affe-e23830e34295;2017-10-30;2017-10-30
test.arepresentative;COMPLEXssap!;c8f825cd-c3ab-4c13-9645-a929b99a1209;2017-10-31;2017-10-31
tem;COMPLEXssap!;07235ef2-4db8-4d2a-affe-e23830e34295;2017-11-01;2017-11-01
test.arepresentative;COMPLEXssap!;c8f825cd-c3ab-4c13-9645-a929b99a1209;2017-11-02;2017-11-02
tem;COMPLEXssap!;07235ef2-4db8-4d2a-affe-e23830e34295;2017-11-03;2017-11-03
test.arepresentative;COMPLEXssap!;c8f825cd-c3ab-4c13-9645-a929b99a1209;2017-11-06;2017-11-06
tem;COMPLEXssap!;07235ef2-4db8-4d2a-affe-e23830e34295;2017-11-07;2017-11-07
test.arepresentative;COMPLEXssap!;c8f825cd-c3ab-4c13-9645-a929b99a1209;2017-11-08;2017-11-08
tem;COMPLEXssap!;07235ef2-4db8-4d2a-affe-e23830e34295;2017-11-09;2017-11-09
test.arepresentative;COMPLEXssap!;c8f825cd-c3ab-4c13-9645-a929b99a1209;2017-11-10;2017-11-10
tem;COMPLEXssap!;07235ef2-4db8-4d2a-affe-e23830e34295;2017-11-13;2017-11-13
test.arepresentative;COMPLEXssap!;c8f825cd-c3ab-4c13-9645-a929b99a1209;2017-11-14;2017-11-14
tem;COMPLEXssap!;07235ef2-4db8-4d2a-affe-e23830e34295;2017-11-15;2017-11-15
test.arepresentative;COMPLEXssap!;c8f825cd-c3ab-4c13-9645-a929b99a1209;2017-11-16;2017-11-16
tem;COMPLEXssap!;07235ef2-4db8-4d2a-affe-e23830e34295;2017-11-17;2017-11-17
test.arepresentative;COMPLEXssap!;c8f825cd-c3ab-4c13-9645-a929b99a1209;2017-11-20;2017-11-20
tem;COMPLEXssap!;07235ef2-4db8-4d2a-affe-e23830e34295;2017-11-21;2017-11-21
test.arepresentative;COMPLEXssap!;c8f825cd-c3ab-4c13-9645-a929b99a1209;2017-11-22;2017-11-22
tem;COMPLEXssap!;07235ef2-4db8-4d2a-affe-e23830e34295;2017-11-23;2017-11-23
test.arepresentative;COMPLEXssap!;c8f825cd-c3ab-4c13-9645-a929b99a1209;2017-11-24;2017-11-24
tem;COMPLEXssap!;07235ef2-4db8-4d2a-affe-e23830e34295;2017-11-27;2017-11-27
test.arepresentative;COMPLEXssap!;c8f825cd-c3ab-4c13-9645-a929b99a1209;2017-11-28;2017-11-28
tem;COMPLEXssap!;07235ef2-4db8-4d2a-affe-e23830e34295;2017-11-29;2017-11-29
test.arepresentative;COMPLEXssap!;c8f825cd-c3ab-4c13-9645-a929b99a1209;2017-11-30;2017-11-30
tem;COMPLEXssap!;07235ef2-4db8-4d2a-affe-e23830e34295;2017-12-01;2017-12-01
test.arepresentative;COMPLEXssap!;c8f825cd-c3ab-4c13-9645-a929b99a1209;2017-12-04;2017-12-04
tem;COMPLEXssap!;07235ef2-4db8-4d2a-affe-e23830e34295;2017-12-05;2017-12-05
test.arepresentative;COMPLEXssap!;c8f825cd-c3ab-4c13-9645-a929b99a1209;2017-12-06;2017-12-06
tem;COMPLEXssap!;07235ef2-4db8-4d2a-affe-e23830e34295;2017-12-07;2017-12-07
test.arepresentative;COMPLEXssap!;c8f825cd-c3ab-4c13-9645-a929b99a1209;2017-12-08;2017-12-08
tem;COMPLEXssap!;07235ef2-4db8-4d2a-affe-e23830e34295;2017-12-11;2017-12-11
test.arepresentative;COMPLEXssap!;c8f825cd-c3ab-4c13-9645-a929b99a1209;2017-12-12;2017-12-12
tem;COMPLEXssap!;07235ef2-4db8-4d2a-affe-e23830e34295;2017-12-13;2017-12-13
test.arepresentative;COMPLEXssap!;c8f825cd-c3ab-4c13-9645-a929b99a1209;2017-12-14;2017-12-14
tem;COMPLEXssap!;07235ef2-4db8-4d2a-affe-e23830e34295;2017-12-15;2017-12-15
test.arepresentative;COMPLEXssap!;c8f825cd-c3ab-4c13-9645-a929b99a1209;2017-12-18;2017-12-18
tem;COMPLEXssap!;07235ef2-4db8-4d2a-affe-e23830e34295;2017-12-19;2017-12-19
test.arepresentative;COMPLEXssap!;c8f825cd-c3ab-4c13-9645-a929b99a1209;2017-12-20;2017-12-20
tem;COMPLEXssap!;07235ef2-4db8-4d2a-affe-e23830e34295;2017-12-21;2017-12-21
test.arepresentative;COMPLEXssap!;c8f825cd-c3ab-4c13-9645-a929b99a1209;2017-12-22;2017-12-22
tem;COMPLEXssap!;07235ef2-4db8-4d2a-affe-e23830e34295;2017-12-25;2017-12-25
test.arepresentative;COMPLEXssap!;c8f825cd-c3ab-4c13-9645-a929b99a1209;2017-12-26;2017-12-26
tem;COMPLEXssap!;07235ef2-4db8-4d2a-affe-e23830e34295;2017-12-27;2017-12-27
test.arepresentative;COMPLEXssap!;c8f825cd-c3ab-4c13-9645-a929b99a1209;2017-12-28;2017-12-28
tem;COMPLEXssap!;07235ef2-4db8-4d2a-affe-e23830e34295;2017-12-29;2017-12-29
test.arepresentative;COMPLEXssap!;c8f825cd-c3ab-4c13-9645-a929b99a1209;2018-01-01;2018-01-01
tem;COMPLEXssap!;07235ef2-4db8-4d2a-affe-e23830e34295;2018-01-03;2018-01-03
test.arepresentative;COMPLEXssap!;c8f825cd-c3ab-4c13-9645-a929b99a1209;2018-01-04;2018-01-04
tem;COMPLEXssap!;07235ef2-4db8-4d2a-affe-e23830e34295;2018-01-05;2018-01-05
test.arepresentative;COMPLEXssap!;c8f825cd-c3ab-4c13-9645-a929b99a1209;2018-01-08;2018-01-08
tem;COMPLEXssap!;07235ef2-4db8-4d2a-affe-e23830e34295;2018-01-09;2018-01-09
test.arepresentative;COMPLEXssap!;c8f825cd-c3ab-4c13-9645-a929b99a1209;2018-01-10;2018-01-10
tem;COMPLEXssap!;07235ef2-4db8-4d2a-affe-e23830e34295;2018-01-11;2018-01-11
test.arepresentative;COMPLEXssap!;c8f825cd-c3ab-4c13-9645-a929b99a1209;2018-01-12;2018-01-12
tem;COMPLEXssap!;07235ef2-4db8-4d2a-affe-e23830e34295;2018-01-15;2018-01-15
test.arepresentative;COMPLEXssap!;c8f825cd-c3ab-4c13-9645-a929b99a1209;2018-01-16;2018-01-16
tem;COMPLEXssap!;07235ef2-4db8-4d2a-affe-e23830e34295;2018-01-17;2018-01-17
test.arepresentative;COMPLEXssap!;c8f825cd-c3ab-4c13-9645-a929b99a1209;2018-01-18;2018-01-18
tem;COMPLEXssap!;07235ef2-4db8-4d2a-affe-e23830e34295;2018-01-19;2018-01-19
test.arepresentative;COMPLEXssap!;c8f825cd-c3ab-4c13-9645-a929b99a1209;2018-01-22;2018-01-22
tem;COMPLEXssap!;07235ef2-4db8-4d2a-affe-e23830e34295;2018-01-23;2018-01-23
test.arepresentative;COMPLEXssap!;c8f825cd-c3ab-4c13-9645-a929b99a1209;2018-01-24;2018-01-24
tem;COMPLEXssap!;07235ef2-4db8-4d2a-affe-e23830e34295;2018-01-25;2018-01-25
test.arepresentative;COMPLEXssap!;c8f825cd-c3ab-4c13-9645-a929b99a1209;2018-01-26;2018-01-26
tem;COMPLEXssap!;07235ef2-4db8-4d2a-affe-e23830e34295;2018-01-29;2018-01-29
test.arepresentative;COMPLEXssap!;c8f825cd-c3ab-4c13-9645-a929b99a1209;2018-01-30;2018-01-30
tem;COMPLEXssap!;07235ef2-4db8-4d2a-affe-e23830e34295;2018-01-31;2018-01-31
test.arepresentative;COMPLEXssap!;c8f825cd-c3ab-4c13-9645-a929b99a1209;2018-02-01;2018-02-01
tem;COMPLEXssap!;07235ef2-4db8-4d2a-affe-e23830e34295;2018-02-02;2018-02-02
test.arepresentative;COMPLEXssap!;c8f825cd-c3ab-4c13-9645-a929b99a1209;2018-02-05;2018-02-05
tem;COMPLEXssap!;07235ef2-4db8-4d2a-affe-e23830e34295;2018-02-06;2018-02-06
test.arepresentative;COMPLEXssap!;c8f825cd-c3ab-4c13-9645-a929b99a1209;2018-02-07;2018-02-07
tem;COMPLEXssap!;07235ef2-4db8-4d2a-affe-e23830e34295;2018-02-08;2018-02-08
test.arepresentative;COMPLEXssap!;c8f825cd-c3ab-4c13-9645-a929b99a1209;2018-02-09;2018-02-09
tem;COMPLEXssap!;07235ef2-4db8-4d2a-affe-e23830e34295;2018-02-12;2018-02-12
test.arepresentative;COMPLEXssap!;c8f825cd-c3ab-4c13-9645-a929b99a1209;2018-02-13;2018-02-13
tem;COMPLEXssap!;07235ef2-4db8-4d2a-affe-e23830e34295;2018-02-14;2018-02-14
test.arepresentative;COMPLEXssap!;c8f825cd-c3ab-4c13-9645-a929b99a1209;2018-02-15;2018-02-15
tem;COMPLEXssap!;07235ef2-4db8-4d2a-affe-e23830e34295;2018-02-16;2018-02-16
test.arepresentative;COMPLEXssap!;c8f825cd-c3ab-4c13-9645-a929b99a1209;2018-02-19;2018-02-19
tem;COMPLEXssap!;07235ef2-4db8-4d2a-affe-e23830e34295;2018-02-20;2018-02-20
test.arepresentative;COMPLEXssap!;c8f825cd-c3ab-4c13-9645-a929b99a1209;2018-02-21;2018-02-21
tem;COMPLEXssap!;07235ef2-4db8-4d2a-affe-e23830e34295;2018-02-22;2018-02-22
test.arepresentative;COMPLEXssap!;c8f825cd-c3ab-4c13-9645-a929b99a1209;2018-02-23;2018-02-23
tem;COMPLEXssap!;07235ef2-4db8-4d2a-affe-e23830e34295;2018-02-26;2018-02-26
test.arepresentative;COMPLEXssap!;c8f825cd-c3ab-4c13-9645-a929b99a1209;2018-02-27;2018-02-27
tem;COMPLEXssap!;07235ef2-4db8-4d2a-affe-e23830e34295;2018-02-28;2018-02-28
test.arepresentative;COMPLEXssap!;c8f825cd-c3ab-4c13-9645-a929b99a1209;2018-03-01;2018-03-01
tem;COMPLEXssap!;07235ef2-4db8-4d2a-affe-e23830e34295;2018-03-02;2018-03-02
test.arepresentative;COMPLEXssap!;c8f825cd-c3ab-4c13-9645-a929b99a1209;2018-03-05;2018-03-05
tem;COMPLEXssap!;07235ef2-4db8-4d2a-affe-e23830e34295;2018-03-06;2018-03-06
test.arepresentative;COMPLEXssap!;c8f825cd-c3ab-4c13-9645-a929b99a1209;2018-03-07;2018-03-07
tem;COMPLEXssap!;07235ef2-4db8-4d2a-affe-e23830e34295;2018-03-09;2018-03-09
test.arepresentative;COMPLEXssap!;c8f825cd-c3ab-4c13-9645-a929b99a1209;2018-03-12;2018-03-12
tem;COMPLEXssap!;07235ef2-4db8-4d2a-affe-e23830e34295;2018-03-13;2018-03-13
test.arepresentative;COMPLEXssap!;c8f825cd-c3ab-4c13-9645-a929b99a1209;2018-03-14;2018-03-14
tem;COMPLEXssap!;07235ef2-4db8-4d2a-affe-e23830e34295;2018-03-15;2018-03-15
test.arepresentative;COMPLEXssap!;c8f825cd-c3ab-4c13-9645-a929b99a1209;2018-03-16;2018-03-16
tem;COMPLEXssap!;07235ef2-4db8-4d2a-affe-e23830e34295;2018-03-19;2018-03-19
test.arepresentative;COMPLEXssap!;c8f825cd-c3ab-4c13-9645-a929b99a1209;2018-03-20;2018-03-20
tem;COMPLEXssap!;07235ef2-4db8-4d2a-affe-e23830e34295;2018-03-21;2018-03-21
test.arepresentative;COMPLEXssap!;c8f825cd-c3ab-4c13-9645-a929b99a1209;2018-03-22;2018-03-22
tem;COMPLEXssap!;07235ef2-4db8-4d2a-affe-e23830e34295;2018-03-23;2018-03-23
test.arepresentative;COMPLEXssap!;c8f825cd-c3ab-4c13-9645-a929b99a1209;2018-03-26;2018-03-26
tem;COMPLEXssap!;07235ef2-4db8-4d2a-affe-e23830e34295;2018-03-27;2018-03-27
test.arepresentative;COMPLEXssap!;c8f825cd-c3ab-4c13-9645-a929b99a1209;2018-03-28;2018-03-28
tem;COMPLEXssap!;07235ef2-4db8-4d2a-affe-e23830e34295;2018-03-29;2018-03-29
test.arepresentative;COMPLEXssap!;c8f825cd-c3ab-4c13-9645-a929b99a1209;2018-03-30;2018-03-30
tem;COMPLEXssap!;07235ef2-4db8-4d2a-affe-e23830e34295;2018-04-02;2018-04-02
test.arepresentative;COMPLEXssap!;c8f825cd-c3ab-4c13-9645-a929b99a1209;2018-04-03;2018-04-03
tem;COMPLEXssap!;07235ef2-4db8-4d2a-affe-e23830e34295;2018-04-04;2018-04-04
test.arepresentative;COMPLEXssap!;c8f825cd-c3ab-4c13-9645-a929b99a1209;2018-04-05;2018-04-05
tem;COMPLEXssap!;07235ef2-4db8-4d2a-affe-e23830e34295;2018-04-06;2018-04-06
test.arepresentative;COMPLEXssap!;c8f825cd-c3ab-4c13-9645-a929b99a1209;2018-04-09;2018-04-09
tem;COMPLEXssap!;07235ef2-4db8-4d2a-affe-e23830e34295;2018-04-10;2018-04-10
test.arepresentative;COMPLEXssap!;c8f825cd-c3ab-4c13-9645-a929b99a1209;2018-04-11;2018-04-11
tem;COMPLEXssap!;07235ef2-4db8-4d2a-affe-e23830e34295;2018-04-12;2018-04-12
test.arepresentative;COMPLEXssap!;c8f825cd-c3ab-4c13-9645-a929b99a1209;2018-04-13;2018-04-13
tem;COMPLEXssap!;07235ef2-4db8-4d2a-affe-e23830e34295;2018-04-16;2018-04-16
test.arepresentative;COMPLEXssap!;c8f825cd-c3ab-4c13-9645-a929b99a1209;2018-04-17;2018-04-17
tem;COMPLEXssap!;07235ef2-4db8-4d2a-affe-e23830e34295;2018-04-18;2018-04-18
test.arepresentative;COMPLEXssap!;c8f825cd-c3ab-4c13-9645-a929b99a1209;2018-04-19;2018-04-19
tem;COMPLEXssap!;07235ef2-4db8-4d2a-affe-e23830e34295;2018-04-20;2018-04-20
test.arepresentative;COMPLEXssap!;c8f825cd-c3ab-4c13-9645-a929b99a1209;2018-04-23;2018-04-23
tem;COMPLEXssap!;07235ef2-4db8-4d2a-affe-e23830e34295;2018-04-24;2018-04-24
test.arepresentative;COMPLEXssap!;c8f825cd-c3ab-4c13-9645-a929b99a1209;2018-04-25;2018-04-25
tem;COMPLEXssap!;07235ef2-4db8-4d2a-affe-e23830e34295;2018-04-26;2018-04-26
test.arepresentative;COMPLEXssap!;c8f825cd-c3ab-4c13-9645-a929b99a1209;2018-04-27;2018-04-27
tem;COMPLEXssap!;07235ef2-4db8-4d2a-affe-e23830e34295;2018-04-30;2018-04-30
test.arepresentative;COMPLEXssap!;c8f825cd-c3ab-4c13-9645-a929b99a1209;2018-05-02;2018-05-02
tem;COMPLEXssap!;07235ef2-4db8-4d2a-affe-e23830e34295;2018-05-04;2018-05-04
test.arepresentative;COMPLEXssap!;c8f825cd-c3ab-4c13-9645-a929b99a1209;2018-05-07;2018-05-07
tem;COMPLEXssap!;07235ef2-4db8-4d2a-affe-e23830e34295;2018-05-08;2018-05-08
test.arepresentative;COMPLEXssap!;c8f825cd-c3ab-4c13-9645-a929b99a1209;2018-05-10;2018-05-10
tem;COMPLEXssap!;07235ef2-4db8-4d2a-affe-e23830e34295;2018-05-11;2018-05-11
test.arepresentative;COMPLEXssap!;c8f825cd-c3ab-4c13-9645-a929b99a1209;2018-05-14;2018-05-14
tem;COMPLEXssap!;07235ef2-4db8-4d2a-affe-e23830e34295;2018-05-15;2018-05-15
test.arepresentative;COMPLEXssap!;c8f825cd-c3ab-4c13-9645-a929b99a1209;2018-05-16;2018-05-16
tem;COMPLEXssap!;07235ef2-4db8-4d2a-affe-e23830e34295;2018-05-17;2018-05-17
test.arepresentative;COMPLEXssap!;c8f825cd-c3ab-4c13-9645-a929b99a1209;2018-05-18;2018-05-18
tem;COMPLEXssap!;07235ef2-4db8-4d2a-affe-e23830e34295;2018-05-21;2018-05-21
test.arepresentative;COMPLEXssap!;c8f825cd-c3ab-4c13-9645-a929b99a1209;2018-05-22;2018-05-22
tem;COMPLEXssap!;07235ef2-4db8-4d2a-affe-e23830e34295;2018-05-23;2018-05-23
test.arepresentative;COMPLEXssap!;c8f825cd-c3ab-4c13-9645-a929b99a1209;2018-05-24;2018-05-24
tem;COMPLEXssap!;07235ef2-4db8-4d2a-affe-e23830e34295;2018-05-25;2018-05-25
test.arepresentative;COMPLEXssap!;c8f825cd-c3ab-4c13-9645-a929b99a1209;2018-05-28;2018-05-28
tem;COMPLEXssap!;07235ef2-4db8-4d2a-affe-e23830e34295;2018-05-29;2018-05-29
test.arepresentative;COMPLEXssap!;c8f825cd-c3ab-4c13-9645-a929b99a1209;2018-05-30;2018-05-30
tem;COMPLEXssap!;07235ef2-4db8-4d2a-affe-e23830e34295;2018-05-31;2018-05-31
test.arepresentative;COMPLEXssap!;c8f825cd-c3ab-4c13-9645-a929b99a1209;2018-06-01;2018-06-01
tem;COMPLEXssap!;07235ef2-4db8-4d2a-affe-e23830e34295;2018-06-04;2018-06-04
test.arepresentative;COMPLEXssap!;c8f825cd-c3ab-4c13-9645-a929b99a1209;2018-06-05;2018-06-05
tem;COMPLEXssap!;07235ef2-4db8-4d2a-affe-e23830e34295;2018-06-06;2018-06-06
test.arepresentative;COMPLEXssap!;c8f825cd-c3ab-4c13-9645-a929b99a1209;2018-06-07;2018-06-07
tem;COMPLEXssap!;07235ef2-4db8-4d2a-affe-e23830e34295;2018-06-08;2018-06-08
test.arepresentative;COMPLEXssap!;c8f825cd-c3ab-4c13-9645-a929b99a1209;2018-06-11;2018-06-11
tem;COMPLEXssap!;07235ef2-4db8-4d2a-affe-e23830e34295;2018-06-12;2018-06-12
test.arepresentative;COMPLEXssap!;c8f825cd-c3ab-4c13-9645-a929b99a1209;2018-06-13;2018-06-13
tem;COMPLEXssap!;07235ef2-4db8-4d2a-affe-e23830e34295;2018-06-14;2018-06-14
test.arepresentative;COMPLEXssap!;c8f825cd-c3ab-4c13-9645-a929b99a1209;2018-06-15;2018-06-15
tem;COMPLEXssap!;07235ef2-4db8-4d2a-affe-e23830e34295;2018-06-18;2018-06-18
test.arepresentative;COMPLEXssap!;c8f825cd-c3ab-4c13-9645-a929b99a1209;2018-06-19;2018-06-19
tem;COMPLEXssap!;07235ef2-4db8-4d2a-affe-e23830e34295;2018-06-21;2018-06-21
test.arepresentative;COMPLEXssap!;c8f825cd-c3ab-4c13-9645-a929b99a1209;2018-06-22;2018-06-22
tem;COMPLEXssap!;07235ef2-4db8-4d2a-affe-e23830e34295;2018-06-25;2018-06-25
test.arepresentative;COMPLEXssap!;c8f825cd-c3ab-4c13-9645-a929b99a1209;2018-06-26;2018-06-26
tem;COMPLEXssap!;07235ef2-4db8-4d2a-affe-e23830e34295;2018-06-27;2018-06-27
test.arepresentative;COMPLEXssap!;c8f825cd-c3ab-4c13-9645-a929b99a1209;2018-06-29;2018-06-29
tem;COMPLEXssap!;07235ef2-4db8-4d2a-affe-e23830e34295;2018-07-02;2018-07-02
test.arepresentative;COMPLEXssap!;c8f825cd-c3ab-4c13-9645-a929b99a1209;2018-07-03;2018-07-03
tem;COMPLEXssap!;07235ef2-4db8-4d2a-affe-e23830e34295;2018-07-04;2018-07-04
test.arepresentative;COMPLEXssap!;c8f825cd-c3ab-4c13-9645-a929b99a1209;2018-07-05;2018-07-05
tem;COMPLEXssap!;07235ef2-4db8-4d2a-affe-e23830e34295;2018-07-06;2018-07-06
test.arepresentative;COMPLEXssap!;c8f825cd-c3ab-4c13-9645-a929b99a1209;2018-07-09;2018-07-09
tem;COMPLEXssap!;07235ef2-4db8-4d2a-affe-e23830e34295;2018-07-10;2018-07-10
test.arepresentative;COMPLEXssap!;c8f825cd-c3ab-4c13-9645-a929b99a1209;2018-07-11;2018-07-11
tem;COMPLEXssap!;07235ef2-4db8-4d2a-affe-e23830e34295;2018-07-12;2018-07-12
test.arepresentative;COMPLEXssap!;c8f825cd-c3ab-4c13-9645-a929b99a1209;2018-07-13;2018-07-13
tem;COMPLEXssap!;07235ef2-4db8-4d2a-affe-e23830e34295;2018-07-16;2018-07-16
test.arepresentative;COMPLEXssap!;c8f825cd-c3ab-4c13-9645-a929b99a1209;2018-07-17;2018-07-17
tem;COMPLEXssap!;07235ef2-4db8-4d2a-affe-e23830e34295;2018-07-18;2018-07-18
test.arepresentative;COMPLEXssap!;c8f825cd-c3ab-4c13-9645-a929b99a1209;2018-07-19;2018-07-19
tem;COMPLEXssap!;07235ef2-4db8-4d2a-affe-e23830e34295;2018-07-20;2018-07-20
test.arepresentative;COMPLEXssap!;c8f825cd-c3ab-4c13-9645-a929b99a1209;2018-07-23;2018-07-23
tem;COMPLEXssap!;07235ef2-4db8-4d2a-affe-e23830e34295;2018-07-24;2018-07-24
test.arepresentative;COMPLEXssap!;c8f825cd-c3ab-4c13-9645-a929b99a1209;2018-07-25;2018-07-25
tem;COMPLEXssap!;07235ef2-4db8-4d2a-affe-e23830e34295;2018-07-26;2018-07-26
test.arepresentative;COMPLEXssap!;c8f825cd-c3ab-4c13-9645-a929b99a1209;2018-07-27;2018-07-27
tem;COMPLEXssap!;07235ef2-4db8-4d2a-affe-e23830e34295;2018-07-30;2018-07-30
test.arepresentative;COMPLEXssap!;c8f825cd-c3ab-4c13-9645-a929b99a1209;2018-07-31;2018-07-31
tem;COMPLEXssap!;07235ef2-4db8-4d2a-affe-e23830e34295;2018-08-01;2018-08-01
test.arepresentative;COMPLEXssap!;c8f825cd-c3ab-4c13-9645-a929b99a1209;2018-08-02;2018-08-02
tem;COMPLEXssap!;07235ef2-4db8-4d2a-affe-e23830e34295;2018-08-03;2018-08-03
test.arepresentative;COMPLEXssap!;c8f825cd-c3ab-4c13-9645-a929b99a1209;2018-08-06;2018-08-06
tem;COMPLEXssap!;07235ef2-4db8-4d2a-affe-e23830e34295;2018-08-07;2018-08-07
test.arepresentative;COMPLEXssap!;c8f825cd-c3ab-4c13-9645-a929b99a1209;2018-08-08;2018-08-08
tem;COMPLEXssap!;07235ef2-4db8-4d2a-affe-e23830e34295;2018-08-09;2018-08-09
test.arepresentative;COMPLEXssap!;c8f825cd-c3ab-4c13-9645-a929b99a1209;2018-08-10;2018-08-10
tem;COMPLEXssap!;07235ef2-4db8-4d2a-affe-e23830e34295;2018-08-13;2018-08-13
test.arepresentative;COMPLEXssap!;c8f825cd-c3ab-4c13-9645-a929b99a1209;2018-08-14;2018-08-14
tem;COMPLEXssap!;07235ef2-4db8-4d2a-affe-e23830e34295;2018-08-15;2018-08-15
test.arepresentative;COMPLEXssap!;c8f825cd-c3ab-4c13-9645-a929b99a1209;2018-08-16;2018-08-16
tem;COMPLEXssap!;07235ef2-4db8-4d2a-affe-e23830e34295;2018-08-17;2018-08-17
test.arepresentative;COMPLEXssap!;c8f825cd-c3ab-4c13-9645-a929b99a1209;2018-08-20;2018-08-20
tem;COMPLEXssap!;07235ef2-4db8-4d2a-affe-e23830e34295;2018-08-21;2018-08-21
test.arepresentative;COMPLEXssap!;c8f825cd-c3ab-4c13-9645-a929b99a1209;2018-08-22;2018-08-22
tem;COMPLEXssap!;07235ef2-4db8-4d2a-affe-e23830e34295;2018-08-23;2018-08-23
test.arepresentative;COMPLEXssap!;c8f825cd-c3ab-4c13-9645-a929b99a1209;2018-08-27;2018-08-27
tem;COMPLEXssap!;07235ef2-4db8-4d2a-affe-e23830e34295;2018-08-28;2018-08-28
test.arepresentative;COMPLEXssap!;c8f825cd-c3ab-4c13-9645-a929b99a1209;2018-08-29;2018-08-29
tem;COMPLEXssap!;07235ef2-4db8-4d2a-affe-e23830e34295;2018-08-30;2018-08-30
test.arepresentative;COMPLEXssap!;c8f825cd-c3ab-4c13-9645-a929b99a1209;2018-08-31;2018-08-31
tem;COMPLEXssap!;07235ef2-4db8-4d2a-affe-e23830e34295;2018-09-03;2018-09-03
test.arepresentative;COMPLEXssap!;c8f825cd-c3ab-4c13-9645-a929b99a1209;2018-09-04;2018-09-04
tem;COMPLEXssap!;07235ef2-4db8-4d2a-affe-e23830e34295;2018-09-05;2018-09-05
test.arepresentative;COMPLEXssap!;c8f825cd-c3ab-4c13-9645-a929b99a1209;2018-09-06;2018-09-06
tem;COMPLEXssap!;07235ef2-4db8-4d2a-affe-e23830e34295;2018-09-07;2018-09-07
test.arepresentative;COMPLEXssap!;c8f825cd-c3ab-4c13-9645-a929b99a1209;2018-09-10;2018-09-10
tem;COMPLEXssap!;07235ef2-4db8-4d2a-affe-e23830e34295;2018-09-11;2018-09-11
test.arepresentative;COMPLEXssap!;c8f825cd-c3ab-4c13-9645-a929b99a1209;2018-09-12;2018-09-12
tem;COMPLEXssap!;07235ef2-4db8-4d2a-affe-e23830e34295;2018-09-13;2018-09-13
test.arepresentative;COMPLEXssap!;c8f825cd-c3ab-4c13-9645-a929b99a1209;2018-09-14;2018-09-14
tem;COMPLEXssap!;07235ef2-4db8-4d2a-affe-e23830e34295;2018-09-17;2018-09-17
test.arepresentative;COMPLEXssap!;c8f825cd-c3ab-4c13-9645-a929b99a1209;2018-09-18;2018-09-18
tem;COMPLEXssap!;07235ef2-4db8-4d2a-affe-e23830e34295;2018-09-19;2018-09-19
test.arepresentative;COMPLEXssap!;c8f825cd-c3ab-4c13-9645-a929b99a1209;2018-09-20;2018-09-20
tem;COMPLEXssap!;07235ef2-4db8-4d2a-affe-e23830e34295;2018-09-21;2018-09-21
test.arepresentative;COMPLEXssap!;c8f825cd-c3ab-4c13-9645-a929b99a1209;2018-09-24;2018-09-24
tem;COMPLEXssap!;07235ef2-4db8-4d2a-affe-e23830e34295;2018-09-25;2018-09-25
test.arepresentative;COMPLEXssap!;c8f825cd-c3ab-4c13-9645-a929b99a1209;2018-09-26;2018-09-26
tem;COMPLEXssap!;07235ef2-4db8-4d2a-affe-e23830e34295;2018-09-27;2018-09-27
test.arepresentative;COMPLEXssap!;c8f825cd-c3ab-4c13-9645-a929b99a1209;2018-09-28;2018-09-28
tem;COMPLEXssap!;07235ef2-4db8-4d2a-affe-e23830e34295;2018-10-01;2018-10-01
test.arepresentative;COMPLEXssap!;c8f825cd-c3ab-4c13-9645-a929b99a1209;2018-10-02;2018-10-02
tem;COMPLEXssap!;07235ef2-4db8-4d2a-affe-e23830e34295;2018-10-03;2018-10-03
test.arepresentative;COMPLEXssap!;c8f825cd-c3ab-4c13-9645-a929b99a1209;2018-10-04;2018-10-04
tem;COMPLEXssap!;07235ef2-4db8-4d2a-affe-e23830e34295;2018-10-05;2018-10-05
test.arepresentative;COMPLEXssap!;c8f825cd-c3ab-4c13-9645-a929b99a1209;2018-10-08;2018-10-08
tem;COMPLEXssap!;07235ef2-4db8-4d2a-affe-e23830e34295;2018-10-09;2018-10-09
test.arepresentative;COMPLEXssap!;c8f825cd-c3ab-4c13-9645-a929b99a1209;2018-10-10;2018-10-10
tem;COMPLEXssap!;07235ef2-4db8-4d2a-affe-e23830e34295;2018-10-11;2018-10-11
test.arepresentative;COMPLEXssap!;c8f825cd-c3ab-4c13-9645-a929b99a1209;2018-10-12;2018-10-12
tem;COMPLEXssap!;07235ef2-4db8-4d2a-affe-e23830e34295;2018-10-15;2018-10-15
test.arepresentative;COMPLEXssap!;c8f825cd-c3ab-4c13-9645-a929b99a1209;2018-10-16;2018-10-16
tem;COMPLEXssap!;07235ef2-4db8-4d2a-affe-e23830e34295;2018-10-17;2018-10-17
test.arepresentative;COMPLEXssap!;c8f825cd-c3ab-4c13-9645-a929b99a1209;2018-10-18;2018-10-18
tem;COMPLEXssap!;07235ef2-4db8-4d2a-affe-e23830e34295;2018-10-19;2018-10-19
test.arepresentative;COMPLEXssap!;c8f825cd-c3ab-4c13-9645-a929b99a1209;2018-10-22;2018-10-22
tem;COMPLEXssap!;07235ef2-4db8-4d2a-affe-e23830e34295;2018-10-23;2018-10-23
test.arepresentative;COMPLEXssap!;c8f825cd-c3ab-4c13-9645-a929b99a1209;2018-10-24;2018-10-24
tem;COMPLEXssap!;07235ef2-4db8-4d2a-affe-e23830e34295;2018-10-25;2018-10-25
test.arepresentative;COMPLEXssap!;c8f825cd-c3ab-4c13-9645-a929b99a1209;2018-10-26;2018-10-26
tem;COMPLEXssap!;07235ef2-4db8-4d2a-affe-e23830e34295;2018-10-29;2018-10-29
test.arepresentative;COMPLEXssap!;c8f825cd-c3ab-4c13-9645-a929b99a1209;2018-10-30;2018-10-30
tem;COMPLEXssap!;07235ef2-4db8-4d2a-affe-e23830e34295;2018-10-31;2018-10-31
test.arepresentative;COMPLEXssap!;c8f825cd-c3ab-4c13-9645-a929b99a1209;2018-11-01;2018-11-01
tem;COMPLEXssap!;07235ef2-4db8-4d2a-affe-e23830e34295;2018-11-02;2018-11-02
test.arepresentative;COMPLEXssap!;c8f825cd-c3ab-4c13-9645-a929b99a1209;2018-11-05;2018-11-05
tem;COMPLEXssap!;07235ef2-4db8-4d2a-affe-e23830e34295;2018-11-06;2018-11-06
test.arepresentative;COMPLEXssap!;c8f825cd-c3ab-4c13-9645-a929b99a1209;2018-11-07;2018-11-07
tem;COMPLEXssap!;07235ef2-4db8-4d2a-affe-e23830e34295;2018-11-08;2018-11-08
test.arepresentative;COMPLEXssap!;c8f825cd-c3ab-4c13-9645-a929b99a1209;2018-11-09;2018-11-09
tem;COMPLEXssap!;07235ef2-4db8-4d2a-affe-e23830e34295;2018-11-12;2018-11-12
test.arepresentative;COMPLEXssap!;c8f825cd-c3ab-4c13-9645-a929b99a1209;2018-11-13;2018-11-13
tem;COMPLEXssap!;07235ef2-4db8-4d2a-affe-e23830e34295;2018-11-14;2018-11-14
test.arepresentative;COMPLEXssap!;c8f825cd-c3ab-4c13-9645-a929b99a1209;2018-11-15;2018-11-15
tem;COMPLEXssap!;07235ef2-4db8-4d2a-affe-e23830e34295;2018-11-16;2018-11-16
test.arepresentative;COMPLEXssap!;c8f825cd-c3ab-4c13-9645-a929b99a1209;2018-11-19;2018-11-19
tem;COMPLEXssap!;07235ef2-4db8-4d2a-affe-e23830e34295;2018-11-20;2018-11-20
test.arepresentative;COMPLEXssap!;c8f825cd-c3ab-4c13-9645-a929b99a1209;2018-11-21;2018-11-21
tem;COMPLEXssap!;07235ef2-4db8-4d2a-affe-e23830e34295;2018-11-22;2018-11-22
test.arepresentative;COMPLEXssap!;c8f825cd-c3ab-4c13-9645-a929b99a1209;2018-11-23;2018-11-23
tem;COMPLEXssap!;07235ef2-4db8-4d2a-affe-e23830e34295;2018-11-26;2018-11-26
test.arepresentative;COMPLEXssap!;c8f825cd-c3ab-4c13-9645-a929b99a1209;2018-11-27;2018-11-27
tem;COMPLEXssap!;07235ef2-4db8-4d2a-affe-e23830e34295;2018-11-28;2018-11-28
test.arepresentative;COMPLEXssap!;c8f825cd-c3ab-4c13-9645-a929b99a1209;2018-11-29;2018-11-29
tem;COMPLEXssap!;07235ef2-4db8-4d2a-affe-e23830e34295;2018-11-30;2018-11-30
test.arepresentative;COMPLEXssap!;c8f825cd-c3ab-4c13-9645-a929b99a1209;2018-12-03;2018-12-03
tem;COMPLEXssap!;07235ef2-4db8-4d2a-affe-e23830e34295;2018-12-04;2018-12-04
test.arepresentative;COMPLEXssap!;c8f825cd-c3ab-4c13-9645-a929b99a1209;2018-12-05;2018-12-05
tem;COMPLEXssap!;07235ef2-4db8-4d2a-affe-e23830e34295;2018-12-06;2018-12-06
test.arepresentative;COMPLEXssap!;c8f825cd-c3ab-4c13-9645-a929b99a1209;2018-12-07;2018-12-07
tem;COMPLEXssap!;07235ef2-4db8-4d2a-affe-e23830e34295;2018-12-10;2018-12-10
test.arepresentative;COMPLEXssap!;c8f825cd-c3ab-4c13-9645-a929b99a1209;2018-12-11;2018-12-11
tem;COMPLEXssap!;07235ef2-4db8-4d2a-affe-e23830e34295;2018-12-12;2018-12-12
test.arepresentative;COMPLEXssap!;c8f825cd-c3ab-4c13-9645-a929b99a1209;2018-12-13;2018-12-13
tem;COMPLEXssap!;07235ef2-4db8-4d2a-affe-e23830e34295;2018-12-14;2018-12-14
test.arepresentative;COMPLEXssap!;c8f825cd-c3ab-4c13-9645-a929b99a1209;2018-12-17;2018-12-17
tem;COMPLEXssap!;07235ef2-4db8-4d2a-affe-e23830e34295;2018-12-18;2018-12-18
test.arepresentative;COMPLEXssap!;c8f825cd-c3ab-4c13-9645-a929b99a1209;2018-12-19;2018-12-19
tem;COMPLEXssap!;07235ef2-4db8-4d2a-affe-e23830e34295;2018-12-20;2018-12-20
test.arepresentative;COMPLEXssap!;c8f825cd-c3ab-4c13-9645-a929b99a1209;2018-12-21;2018-12-21
tem;COMPLEXssap!;07235ef2-4db8-4d2a-affe-e23830e34295;2018-12-24;2018-12-24
test.arepresentative;COMPLEXssap!;c8f825cd-c3ab-4c13-9645-a929b99a1209;2018-12-25;2018-12-25
tem;COMPLEXssap!;07235ef2-4db8-4d2a-affe-e23830e34295;2018-12-26;2018-12-26
test.arepresentative;COMPLEXssap!;c8f825cd-c3ab-4c13-9645-a929b99a1209;2018-12-27;2018-12-27
tem;COMPLEXssap!;07235ef2-4db8-4d2a-affe-e23830e34295;2018-12-28;2018-12-28
test.arepresentative;COMPLEXssap!;c8f825cd-c3ab-4c13-9645-a929b99a1209;2018-12-31;2018-12-31
tem;COMPLEXssap!;07235ef2-4db8-4d2a-affe-e23830e34295;2019-01-02;2019-01-02
test.arepresentative;COMPLEXssap!;c8f825cd-c3ab-4c13-9645-a929b99a1209;2019-01-03;2019-01-03
tem;COMPLEXssap!;07235ef2-4db8-4d2a-affe-e23830e34295;2019-01-04;2019-01-04
test.arepresentative;COMPLEXssap!;c8f825cd-c3ab-4c13-9645-a929b99a1209;2019-01-07;2019-01-07
tem;COMPLEXssap!;07235ef2-4db8-4d2a-affe-e23830e34295;2019-01-08;2019-01-08
test.arepresentative;COMPLEXssap!;c8f825cd-c3ab-4c13-9645-a929b99a1209;2019-01-09;2019-01-09
tem;COMPLEXssap!;07235ef2-4db8-4d2a-affe-e23830e34295;2019-01-10;2019-01-10
test.arepresentative;COMPLEXssap!;c8f825cd-c3ab-4c13-9645-a929b99a1209;2019-01-11;2019-01-11
tem;COMPLEXssap!;07235ef2-4db8-4d2a-affe-e23830e34295;2019-01-14;2019-01-14
test.arepresentative;COMPLEXssap!;c8f825cd-c3ab-4c13-9645-a929b99a1209;2019-01-15;2019-01-15
tem;COMPLEXssap!;07235ef2-4db8-4d2a-affe-e23830e34295;2019-01-16;2019-01-16
test.arepresentative;COMPLEXssap!;c8f825cd-c3ab-4c13-9645-a929b99a1209;2019-01-17;2019-01-17
tem;COMPLEXssap!;07235ef2-4db8-4d2a-affe-e23830e34295;2019-01-18;2019-01-18
test.arepresentative;COMPLEXssap!;c8f825cd-c3ab-4c13-9645-a929b99a1209;2019-01-21;2019-01-21
tem;COMPLEXssap!;07235ef2-4db8-4d2a-affe-e23830e34295;2019-01-22;2019-01-22
test.arepresentative;COMPLEXssap!;c8f825cd-c3ab-4c13-9645-a929b99a1209;2019-01-23;2019-01-23
tem;COMPLEXssap!;07235ef2-4db8-4d2a-affe-e23830e34295;2019-01-24;2019-01-24
test.arepresentative;COMPLEXssap!;c8f825cd-c3ab-4c13-9645-a929b99a1209;2019-01-25;2019-01-25
tem;COMPLEXssap!;07235ef2-4db8-4d2a-affe-e23830e34295;2019-01-28;2019-01-28
test.arepresentative;COMPLEXssap!;c8f825cd-c3ab-4c13-9645-a929b99a1209;2019-01-29;2019-01-29
tem;COMPLEXssap!;07235ef2-4db8-4d2a-affe-e23830e34295;2019-01-30;2019-01-30
test.arepresentative;COMPLEXssap!;c8f825cd-c3ab-4c13-9645-a929b99a1209;2019-01-31;2019-01-31
tem;COMPLEXssap!;07235ef2-4db8-4d2a-affe-e23830e34295;2019-02-01;2019-02-01
test.arepresentative;COMPLEXssap!;c8f825cd-c3ab-4c13-9645-a929b99a1209;2019-02-04;2019-02-04
tem;COMPLEXssap!;07235ef2-4db8-4d2a-affe-e23830e34295;2019-02-05;2019-02-05
test.arepresentative;COMPLEXssap!;c8f825cd-c3ab-4c13-9645-a929b99a1209;2019-02-06;2019-02-06
tem;COMPLEXssap!;07235ef2-4db8-4d2a-affe-e23830e34295;2019-02-07;2019-02-07
test.arepresentative;COMPLEXssap!;c8f825cd-c3ab-4c13-9645-a929b99a1209;2019-02-08;2019-02-08
tem;COMPLEXssap!;07235ef2-4db8-4d2a-affe-e23830e34295;2019-02-11;2019-02-11
test.arepresentative;COMPLEXssap!;c8f825cd-c3ab-4c13-9645-a929b99a1209;2019-02-12;2019-02-12
tem;COMPLEXssap!;07235ef2-4db8-4d2a-affe-e23830e34295;2019-02-13;2019-02-13
test.arepresentative;COMPLEXssap!;c8f825cd-c3ab-4c13-9645-a929b99a1209;2019-02-14;2019-02-14
tem;COMPLEXssap!;07235ef2-4db8-4d2a-affe-e23830e34295;2019-02-15;2019-02-15
test.arepresentative;COMPLEXssap!;c8f825cd-c3ab-4c13-9645-a929b99a1209;2019-02-18;2019-02-18
tem;COMPLEXssap!;07235ef2-4db8-4d2a-affe-e23830e34295;2019-02-19;2019-02-19
test.arepresentative;COMPLEXssap!;c8f825cd-c3ab-4c13-9645-a929b99a1209;2019-02-20;2019-02-20
tem;COMPLEXssap!;07235ef2-4db8-4d2a-affe-e23830e34295;2019-02-21;2019-02-21
test.arepresentative;COMPLEXssap!;c8f825cd-c3ab-4c13-9645-a929b99a1209;2019-02-22;2019-02-22
tem;COMPLEXssap!;07235ef2-4db8-4d2a-affe-e23830e34295;2019-02-25;2019-02-25
test.arepresentative;COMPLEXssap!;c8f825cd-c3ab-4c13-9645-a929b99a1209;2019-02-26;2019-02-26
tem;COMPLEXssap!;07235ef2-4db8-4d2a-affe-e23830e34295;2019-02-27;2019-02-27
test.arepresentative;COMPLEXssap!;c8f825cd-c3ab-4c13-9645-a929b99a1209;2019-02-28;2019-02-28
tem;COMPLEXssap!;07235ef2-4db8-4d2a-affe-e23830e34295;2019-03-01;2019-03-01
test.arepresentative;COMPLEXssap!;c8f825cd-c3ab-4c13-9645-a929b99a1209;2019-03-04;2019-03-04
tem;COMPLEXssap!;07235ef2-4db8-4d2a-affe-e23830e34295;2019-03-05;2019-03-05
test.arepresentative;COMPLEXssap!;c8f825cd-c3ab-4c13-9645-a929b99a1209;2019-03-06;2019-03-06
tem;COMPLEXssap!;07235ef2-4db8-4d2a-affe-e23830e34295;2019-03-07;2019-03-07
test.arepresentative;COMPLEXssap!;c8f825cd-c3ab-4c13-9645-a929b99a1209;2019-03-11;2019-03-11
tem;COMPLEXssap!;07235ef2-4db8-4d2a-affe-e23830e34295;2019-03-12;2019-03-12
test.arepresentative;COMPLEXssap!;c8f825cd-c3ab-4c13-9645-a929b99a1209;2019-03-13;2019-03-13
tem;COMPLEXssap!;07235ef2-4db8-4d2a-affe-e23830e34295;2019-03-14;2019-03-14
test.arepresentative;COMPLEXssap!;c8f825cd-c3ab-4c13-9645-a929b99a1209;2019-03-15;2019-03-15
